timestamp,open,high,low,close,volume
2025-07-26 04:45:00,117487.1,117494.8,117400.2,117494.8,13.79283572
2025-07-26 05:00:00,117494.8,117494.8,117425.0,117425.1,8.81253074
2025-07-26 05:15:00,117425.0,117544.9,117425.0,117544.8,9.34653479
2025-07-26 05:30:00,117544.8,117544.9,117492.6,117492.6,7.02636562
2025-07-26 05:45:00,117492.6,117492.7,117448.9,117449.0,5.16405651
2025-07-26 06:00:00,117449.0,117457.3,117373.7,117373.8,15.42314009
2025-07-26 06:15:00,117373.7,117373.7,117328.6,117347.6,11.89942037
2025-07-26 06:30:00,117347.6,117442.1,117347.6,117416.5,12.11100929
2025-07-26 06:45:00,117416.6,117416.6,117354.2,117354.3,6.66123851
2025-07-26 07:00:00,117354.3,117354.3,117335.0,117335.0,4.54921541
2025-07-26 07:15:00,117335.0,117379.0,117335.0,117370.7,4.04509534
2025-07-26 07:30:00,117370.6,117370.7,117326.0,117364.9,14.59329417
2025-07-26 07:45:00,117365.0,117372.3,117316.3,117316.3,6.71841109
2025-07-26 08:00:00,117316.3,117335.0,117316.3,117334.9,3.78986408
2025-07-26 08:15:00,117335.0,117490.7,117334.9,117490.6,9.02773736
2025-07-26 08:30:00,117490.7,117512.0,117470.0,117485.0,3.04840077
2025-07-26 08:45:00,117485.1,117618.8,117485.0,117557.7,15.14812611
2025-07-26 09:00:00,117557.7,117618.9,117516.6,117548.3,8.68141018
2025-07-26 09:15:00,117548.3,117569.0,117474.4,117474.4,11.63415539
2025-07-26 09:30:00,117474.4,117519.7,117462.2,117519.6,9.39477557
2025-07-26 09:45:00,117519.7,117571.8,117519.6,117571.7,7.5512927
2025-07-26 10:00:00,117571.8,117623.0,117543.8,117622.9,9.87039939
2025-07-26 10:15:00,117623.0,117775.0,117622.9,117762.9,20.262126
2025-07-26 10:30:00,117762.8,118200.0,117762.8,118185.8,62.52860783
2025-07-26 10:45:00,118185.8,118198.6,117942.7,117965.2,16.99875081
2025-07-26 11:00:00,117971.6,118058.2,117962.5,118034.4,13.90541874
2025-07-26 11:15:00,118034.9,118060.0,117869.7,117936.5,16.72416008
2025-07-26 11:30:00,117936.6,117994.0,117813.6,117813.6,18.46516709
2025-07-26 11:45:00,117813.6,117855.0,117775.8,117775.9,10.16275864
2025-07-26 12:00:00,117775.9,117815.0,117766.4,117808.4,8.63168062
2025-07-26 12:15:00,117808.3,117997.6,117808.3,117947.2,12.82831838
2025-07-26 12:30:00,117947.2,117962.7,117904.5,117945.2,5.65067046
2025-07-26 12:45:00,117945.2,117957.4,117918.8,117918.9,4.50283398
2025-07-26 13:00:00,117918.9,118139.3,117854.8,118110.4,25.20994702
2025-07-26 13:15:00,118114.9,118200.0,118076.4,118076.8,25.63255978
2025-07-26 13:30:00,118076.7,118221.2,118076.7,118212.0,17.48097547
2025-07-26 13:45:00,118211.9,118213.7,118124.9,118125.0,19.88372558
2025-07-26 14:00:00,118124.9,118209.3,118107.6,118131.9,23.93080883
2025-07-26 14:15:00,118131.9,118180.9,118000.0,118013.8,14.74021869
2025-07-26 14:30:00,118013.9,118120.0,117956.6,118085.0,25.30242461
2025-07-26 14:45:00,118085.0,118150.4,118050.0,118064.7,11.54502962
2025-07-26 15:00:00,118064.6,118120.7,117925.0,117925.0,17.27226349
2025-07-26 15:15:00,117925.0,117945.0,117819.3,117876.0,17.69188969
2025-07-26 15:30:00,117876.0,117941.3,117863.1,117930.0,9.53755403
2025-07-26 15:45:00,117930.0,118142.2,117930.0,118128.9,24.80523631
2025-07-26 16:00:00,118129.0,118182.6,118002.8,118060.7,16.75987827
2025-07-26 16:15:00,118060.6,118163.7,118060.6,118154.7,10.72303206
2025-07-26 16:30:00,118162.9,118198.8,118065.0,118065.0,10.07955643
2025-07-26 16:45:00,118065.0,118079.9,118019.9,118075.0,12.54152996
2025-07-26 17:00:00,118075.0,118086.5,118020.0,118020.0,14.67272428
2025-07-26 17:15:00,118020.0,118070.0,118012.9,118055.0,11.25961376
2025-07-26 17:30:00,118055.0,118059.5,117990.0,117990.1,14.25260483
2025-07-26 17:45:00,117990.1,118029.4,117990.0,118029.3,4.4683381
2025-07-26 18:00:00,118029.4,118055.0,118029.3,118054.9,3.1088177
2025-07-26 18:15:00,118054.9,118054.9,117940.3,118039.9,29.57130628
2025-07-26 18:30:00,118040.0,118060.0,118010.0,118020.0,23.25096592
2025-07-26 18:45:00,118020.1,118097.7,118020.0,118096.2,5.15761169
2025-07-26 19:00:00,118096.1,118096.2,118040.6,118064.3,9.47037577
2025-07-26 19:15:00,118064.9,118089.4,118051.6,118087.3,4.5081683
2025-07-26 19:30:00,118087.2,118157.7,118079.8,118157.7,9.13412427
2025-07-26 19:45:00,118157.7,118291.8,118157.6,118227.4,18.85259381
2025-07-26 20:00:00,118227.3,118227.4,118110.0,118110.1,5.34918883
2025-07-26 20:15:00,118110.1,118110.1,117942.7,117942.7,9.29410866
2025-07-26 20:30:00,117942.7,117987.6,117884.6,117985.6,18.89540959
2025-07-26 20:45:00,117989.9,118038.3,117903.8,117955.0,25.10356324
2025-07-26 21:00:00,117954.9,117985.0,117880.4,117880.4,16.74268155
2025-07-26 21:15:00,117880.5,117945.0,117880.4,117944.9,7.33520401
2025-07-26 21:30:00,117945.0,117995.0,117889.9,117948.6,10.12204104
2025-07-26 21:45:00,117948.6,118077.5,117948.6,118031.4,8.71956825
2025-07-26 22:00:00,118031.5,118188.4,117993.6,118098.8,54.68024477
2025-07-26 22:15:00,118098.8,118299.3,118071.7,118071.7,31.74024509
2025-07-26 22:30:00,118071.8,118114.7,117982.7,118086.0,17.66876004
2025-07-26 22:45:00,118086.0,118111.1,118015.0,118015.1,5.87368471
2025-07-26 23:00:00,118015.1,118049.2,117967.0,117995.0,10.89889422
2025-07-26 23:15:00,117995.0,118029.0,117908.1,117926.8,15.19436516
2025-07-26 23:30:00,117926.7,117959.9,117900.7,117926.1,10.84430467
2025-07-26 23:45:00,117920.0,117920.0,117893.7,117915.0,4.47297887
2025-07-27 00:00:00,117917.2,117945.0,117829.8,117884.9,13.80219758
2025-07-27 00:15:00,117885.0,117963.0,117855.0,117855.2,10.75260719
2025-07-27 00:30:00,117855.1,117916.8,117835.6,117854.1,6.87973032
2025-07-27 00:45:00,117854.1,117954.9,117840.0,117954.8,7.49594
2025-07-27 01:00:00,117954.8,118144.0,117923.7,118103.3,27.89954645
2025-07-27 01:15:00,118103.4,118150.4,118101.5,118142.7,9.26442216
2025-07-27 01:30:00,118142.7,118200.0,118142.7,118152.2,11.34884978
2025-07-27 01:45:00,118152.1,118152.1,118073.9,118099.9,10.13427865
2025-07-27 02:00:00,118099.9,118195.0,118020.6,118192.5,14.34354343
2025-07-27 02:15:00,118192.6,118276.4,118160.2,118160.3,8.81795753
2025-07-27 02:30:00,118160.2,118215.4,118160.2,118208.0,9.49849027
2025-07-27 02:45:00,118208.0,118378.9,118116.0,118319.9,44.0562653
2025-07-27 03:00:00,118319.9,118323.7,118084.8,118112.3,26.365736
2025-07-27 03:15:00,118112.3,118191.7,118091.2,118191.7,12.07391525
2025-07-27 03:30:00,118191.8,118268.9,118191.8,118250.0,13.89067956
2025-07-27 03:45:00,118245.0,118245.1,118185.0,118185.9,7.78829433
2025-07-27 04:00:00,118185.9,118255.0,118149.2,118178.3,14.41958324
2025-07-27 04:15:00,118178.3,118256.0,118178.3,118254.9,14.2428612
2025-07-27 04:30:00,118254.9,118256.4,118204.0,118211.1,9.50325648
2025-07-27 04:45:00,118211.1,118215.0,118171.5,118209.9,9.57024383
2025-07-27 05:00:00,118210.0,118232.5,118163.5,118205.9,12.76459622
2025-07-27 05:15:00,118203.3,118290.0,118169.1,118263.9,28.62088365
2025-07-27 05:30:00,118263.9,118299.3,118244.7,118281.6,22.61139206
2025-07-27 05:45:00,118281.6,118281.6,118206.8,118274.0,10.90622469
2025-07-27 06:00:00,118274.0,118300.0,118205.6,118263.0,23.1406353
2025-07-27 06:15:00,118263.1,118299.5,118263.0,118284.0,16.87646415
2025-07-27 06:30:00,118284.0,118341.9,118283.9,118341.8,10.73966073
2025-07-27 06:45:00,118341.8,118444.1,118242.0,118261.1,31.12721369
2025-07-27 07:00:00,118261.1,118261.1,118099.9,118117.9,20.02733229
2025-07-27 07:15:00,118117.9,118189.0,118113.7,118133.7,14.25489717
2025-07-27 07:30:00,118133.6,118171.0,118110.1,118160.6,12.33467048
2025-07-27 07:45:00,118160.6,118160.6,118067.7,118092.5,21.02795069
2025-07-27 08:00:00,118092.4,118131.0,118016.1,118101.7,10.68330621
2025-07-27 08:15:00,118101.6,118101.7,117982.5,118004.6,10.12054694
2025-07-27 08:30:00,118004.6,118045.3,117950.8,118045.3,16.16801942
2025-07-27 08:45:00,118047.2,118064.9,117949.2,117949.2,13.99569653
2025-07-27 09:00:00,117949.2,117990.0,117855.1,117949.0,20.28084233
2025-07-27 09:15:00,117949.0,117949.0,117883.0,117883.0,2.54122645
2025-07-27 09:30:00,117883.1,117936.4,117863.1,117891.9,6.82379932
2025-07-27 09:45:00,117891.9,117935.0,117857.7,117935.0,6.99622
2025-07-27 10:00:00,117935.0,118094.0,117934.9,118093.9,9.12479656
2025-07-27 10:15:00,118093.9,118200.8,118093.9,118141.1,23.22725207
2025-07-27 10:30:00,118141.1,118251.2,118120.5,118199.7,12.82019995
2025-07-27 10:45:00,118199.8,118285.6,118181.8,118183.6,10.01875163
2025-07-27 11:00:00,118183.6,118249.1,118183.6,118240.0,8.54458653
2025-07-27 11:15:00,118239.9,118240.0,118183.0,118190.8,15.83030027
2025-07-27 11:30:00,118190.8,118228.2,118111.5,118145.2,8.791283
2025-07-27 11:45:00,118145.2,118145.2,118050.6,118066.2,11.80206227
2025-07-27 12:00:00,118066.3,118105.0,118046.6,118080.1,17.71046184
2025-07-27 12:15:00,118087.0,118088.6,117962.3,117975.6,15.46642353
2025-07-27 12:30:00,117975.7,118010.0,117889.9,117905.1,15.42870545
2025-07-27 12:45:00,117905.0,118100.0,117905.0,118099.8,23.93661039
2025-07-27 13:00:00,118097.3,118186.9,118086.6,118179.1,21.12088374
2025-07-27 13:15:00,118179.1,118205.8,118123.8,118185.0,7.64442483
2025-07-27 13:30:00,118185.1,118191.4,118089.4,118137.5,6.518846
2025-07-27 13:45:00,118137.5,118214.2,118137.4,118199.9,9.56615609
2025-07-27 14:00:00,118199.9,118343.1,118152.6,118305.9,13.28360932
2025-07-27 14:15:00,118305.9,118426.0,118305.8,118422.6,12.87687624
2025-07-27 14:30:00,118422.6,118449.9,118255.0,118287.9,28.76886442
2025-07-27 14:45:00,118287.8,118498.9,118173.3,118423.5,34.05998111
2025-07-27 15:00:00,118423.6,118558.3,118245.0,118355.0,26.99932737
2025-07-27 15:15:00,118356.6,118574.6,118298.3,118475.1,34.53706917
2025-07-27 15:30:00,118475.2,118475.2,118269.7,118448.7,29.40515169
2025-07-27 15:45:00,118448.6,118583.1,118405.0,118577.2,33.86786664
2025-07-27 16:00:00,118577.1,119155.9,118577.1,119146.4,98.8257621
2025-07-27 16:15:00,119146.4,119357.9,119089.3,119357.9,60.1862483
2025-07-27 16:30:00,119357.8,119535.0,119291.9,119305.3,91.65600544
2025-07-27 16:45:00,119311.5,119428.5,118932.3,119069.1,91.51754633
2025-07-27 17:00:00,119069.1,119227.3,118977.3,119025.0,87.12816417
2025-07-27 17:15:00,119031.9,119210.3,118863.4,119202.3,31.91880237
2025-07-27 17:30:00,119201.2,119318.0,118988.3,119110.1,35.31383862
2025-07-27 17:45:00,119110.1,119228.0,119109.9,119196.1,17.24148917
2025-07-27 18:00:00,119196.0,119374.1,119169.7,119291.3,28.49660994
2025-07-27 18:15:00,119283.0,119287.3,119126.0,119248.6,35.97664232
2025-07-27 18:30:00,119248.6,119248.6,119005.0,119059.4,32.80712661
2025-07-27 18:45:00,119059.4,119074.9,118944.6,119025.0,26.34941309
2025-07-27 19:00:00,119024.9,119024.9,118890.0,118967.8,24.40719774
2025-07-27 19:15:00,118967.8,118979.7,118893.1,118934.1,20.63810674
2025-07-27 19:30:00,118934.1,119060.0,118934.0,118987.1,19.60833783
2025-07-27 19:45:00,118987.2,119023.5,118917.1,118960.8,28.25927896
2025-07-27 20:00:00,118960.8,119164.9,118945.4,119083.6,25.79729342
2025-07-27 20:15:00,119083.6,119154.9,118920.1,118985.9,24.96844165
2025-07-27 20:30:00,118985.8,118985.8,118844.3,118881.5,55.85391579
2025-07-27 20:45:00,118879.4,118935.0,118717.4,118743.5,32.34177469
2025-07-27 21:00:00,118743.6,118848.5,118740.7,118746.4,26.85119261
2025-07-27 21:15:00,118746.4,119039.9,118725.0,119037.1,29.63386034
2025-07-27 21:30:00,119037.0,119081.9,118954.3,119081.3,24.6065847
2025-07-27 21:45:00,119081.3,119258.7,119071.9,119257.3,15.9909115
2025-07-27 22:00:00,119259.9,119731.4,119226.9,119697.6,53.14792283
2025-07-27 22:15:00,119697.6,119750.2,119556.5,119680.0,27.2949206
2025-07-27 22:30:00,119680.0,119752.2,119659.1,119752.2,6.62969951
2025-07-27 22:45:00,119752.2,119752.2,119493.1,119493.5,29.84265193
2025-07-27 23:00:00,119493.5,119525.8,119124.1,119217.7,36.22548528
2025-07-27 23:15:00,119217.8,119508.5,119217.8,119436.0,32.28040522
2025-07-27 23:30:00,119430.1,119456.7,119340.0,119362.5,14.68704322
2025-07-27 23:45:00,119362.4,119431.4,119333.7,119411.2,13.9670448
2025-07-28 00:00:00,119414.6,119457.8,119321.1,119457.8,19.68722203
2025-07-28 00:15:00,119458.8,119683.8,119417.4,119644.7,34.25728983
2025-07-28 00:30:00,119644.6,119644.6,119256.2,119256.2,33.06905077
2025-07-28 00:45:00,119256.2,119375.5,119131.0,119239.9,25.11976995
2025-07-28 01:00:00,119237.4,119330.0,119067.5,119209.0,31.51346538
2025-07-28 01:15:00,119208.9,119462.9,119176.1,119379.9,26.23316348
2025-07-28 01:30:00,119379.9,119379.9,119063.4,119063.4,24.1279506
2025-07-28 01:45:00,119063.4,119107.2,118961.0,119033.0,27.99256748
2025-07-28 02:00:00,119033.1,119222.1,119021.8,119216.2,21.62440196
2025-07-28 02:15:00,119216.2,119520.2,119216.2,119470.1,23.17924927
2025-07-28 02:30:00,119470.1,119795.0,119468.3,119589.2,43.83429535
2025-07-28 02:45:00,119589.2,119611.9,119379.8,119427.4,22.08296678
2025-07-28 03:00:00,119427.3,119517.9,119306.9,119355.7,13.48400057
2025-07-28 03:15:00,119355.7,119457.9,119263.0,119266.0,12.80290329
2025-07-28 03:30:00,119266.0,119344.9,119238.6,119238.6,11.64712794
2025-07-28 03:45:00,119238.5,119293.2,119223.4,119274.9,13.15755362
2025-07-28 04:00:00,119274.9,119413.3,119266.0,119266.0,15.66660858
2025-07-28 04:15:00,119266.0,119266.1,119133.0,119150.3,9.86825808
2025-07-28 04:30:00,119150.2,119311.1,119129.4,119265.0,11.14265047
2025-07-28 04:45:00,119270.0,119343.1,119194.7,119200.2,11.54248058
2025-07-28 05:00:00,119200.2,119299.1,119139.3,119270.2,13.06141923
2025-07-28 05:15:00,119270.2,119452.0,119270.2,119372.5,25.75122828
2025-07-28 05:30:00,119372.5,119499.9,119274.9,119496.6,20.93718722
2025-07-28 05:45:00,119496.6,119671.4,119391.0,119535.1,23.88113441
2025-07-28 06:00:00,119535.1,119597.6,119510.0,119576.2,13.36569205
2025-07-28 06:15:00,119576.3,119593.9,119460.9,119495.4,11.94851595
2025-07-28 06:30:00,119490.7,119490.8,119445.0,119460.2,4.91447664
2025-07-28 06:45:00,119460.2,119478.4,119449.1,119450.0,1.65600809
2025-07-28 07:00:00,119450.0,119450.0,118880.0,118880.0,25.54523958
2025-07-28 07:15:00,118880.0,119129.3,118811.5,119061.9,19.55871326
2025-07-28 07:30:00,119061.8,119061.8,118761.1,118903.6,26.29230345
2025-07-28 07:45:00,118903.7,118940.0,118872.0,118897.1,7.01176598
2025-07-28 08:00:00,118897.1,119034.9,118813.4,118899.9,16.8657124
2025-07-28 08:15:00,118899.9,119079.9,118844.4,119020.5,15.86021564
2025-07-28 08:30:00,119020.5,119029.3,118770.1,118865.0,18.78036457
2025-07-28 08:45:00,118864.9,119105.0,118864.9,119076.3,15.53469904
2025-07-28 09:00:00,119076.3,119076.4,118905.0,118927.7,13.61285222
2025-07-28 09:15:00,118927.7,119000.0,118835.0,118835.0,15.16497593
2025-07-28 09:30:00,118835.1,118850.1,118708.5,118748.2,18.3220949
2025-07-28 09:45:00,118747.2,119029.7,118739.7,118937.4,14.63337191
2025-07-28 10:00:00,118933.0,118935.1,118773.0,118773.1,11.31505845
2025-07-28 10:15:00,118773.0,118953.6,118770.0,118928.8,8.10059068
2025-07-28 10:30:00,118928.7,118928.8,118630.0,118648.0,12.25839207
2025-07-28 10:45:00,118649.9,118787.6,118645.4,118761.9,15.07249476
2025-07-28 11:00:00,118761.8,118855.0,118664.2,118673.3,19.61490117
2025-07-28 11:15:00,118673.3,118705.0,118552.6,118552.6,19.64126544
2025-07-28 11:30:00,118552.6,118768.5,118481.7,118715.6,28.97470673
2025-07-28 11:45:00,118715.6,118820.0,118715.6,118818.1,21.23227004
2025-07-28 12:00:00,118820.0,119034.7,118785.0,118905.0,34.05636567
2025-07-28 12:15:00,118901.4,119083.1,118826.9,118920.9,27.95458909
2025-07-28 12:30:00,118920.9,118985.0,118852.0,118950.1,18.97974311
2025-07-28 12:45:00,118950.0,118993.9,118801.2,118831.7,28.43409889
2025-07-28 13:00:00,118839.6,118855.0,118680.0,118684.9,25.55256006
2025-07-28 13:15:00,118684.9,118735.0,118417.8,118610.0,38.23265367
2025-07-28 13:30:00,118610.0,119068.9,118311.0,118665.0,68.14896706
2025-07-28 13:45:00,118662.8,118768.1,118254.6,118419.1,52.08498171
2025-07-28 14:00:00,118419.1,118671.7,118308.2,118474.4,48.3120807
2025-07-28 14:15:00,118474.5,118504.5,118025.9,118100.0,58.90682975
2025-07-28 14:30:00,118100.0,118252.0,117918.3,118243.6,46.88924367
2025-07-28 14:45:00,118252.1,118260.7,117940.0,117976.2,26.65107825
2025-07-28 15:00:00,117976.2,118189.6,117914.1,118189.6,29.30226239
2025-07-28 15:15:00,118189.6,118409.0,118154.1,118409.0,26.81491718
2025-07-28 15:30:00,118409.0,118500.0,118184.4,118228.9,21.76784365
2025-07-28 15:45:00,118229.0,118384.3,118105.9,118175.7,30.47213408
2025-07-28 16:00:00,118175.7,118175.7,118014.5,118073.9,23.08830893
2025-07-28 16:15:00,118073.9,118307.6,118020.1,118297.0,20.9542891
2025-07-28 16:30:00,118295.0,118360.0,118155.7,118309.2,21.7218636
2025-07-28 16:45:00,118309.1,118369.6,118012.5,118024.0,15.25792007
2025-07-28 17:00:00,118024.0,118039.9,117858.1,117858.1,19.10837627
2025-07-28 17:15:00,117858.2,118019.1,117640.3,118019.1,44.1794784
2025-07-28 17:30:00,118019.1,118109.4,117805.0,117845.0,37.27342385
2025-07-28 17:45:00,117850.0,117854.4,117650.0,117660.0,20.63021825
2025-07-28 18:00:00,117660.1,117786.0,117502.6,117775.1,25.77557619
2025-07-28 18:15:00,117775.0,117806.6,117467.6,117544.0,26.27220221
2025-07-28 18:30:00,117544.1,117765.8,117412.8,117735.0,25.12939739
2025-07-28 18:45:00,117735.0,117856.3,117641.3,117770.8,18.71631734
2025-07-28 19:00:00,117770.9,118181.5,117770.8,118145.0,47.6621458
2025-07-28 19:15:00,118145.1,118239.9,118086.4,118097.9,18.07112148
2025-07-28 19:30:00,118095.8,118095.8,117679.3,117685.3,24.99659435
2025-07-28 19:45:00,117683.1,118095.7,117548.8,118075.8,25.1196799
2025-07-28 20:00:00,118075.0,118161.5,117734.8,117766.2,20.711711
2025-07-28 20:15:00,117766.1,117852.7,117509.9,117510.0,20.63898835
2025-07-28 20:30:00,117509.9,117978.6,117491.7,117848.6,23.94835973
2025-07-28 20:45:00,117848.5,118079.9,117826.9,118048.1,19.66392272
2025-07-28 21:00:00,118045.0,118167.4,117958.1,118051.7,14.05749582
2025-07-28 21:15:00,118051.8,118159.0,117959.2,118099.3,25.02774613
2025-07-28 21:30:00,118099.3,118331.0,118037.8,118329.3,16.92735248
2025-07-28 21:45:00,118329.2,118329.3,117952.9,118099.9,22.01610609
2025-07-28 22:00:00,118100.0,118249.9,118075.0,118101.7,17.32335103
2025-07-28 22:15:00,118113.2,118204.9,118009.1,118130.1,14.67266132
2025-07-28 22:30:00,118131.8,118165.0,117775.4,117856.9,30.45092746
2025-07-28 22:45:00,117856.8,117982.0,117763.1,117853.1,21.76206566
2025-07-28 23:00:00,117853.1,118012.0,117813.4,117948.0,15.30804447
2025-07-28 23:15:00,117947.9,118158.3,117947.9,117980.0,18.79635871
2025-07-28 23:30:00,117979.4,118131.7,117956.4,118021.7,15.89602794
2025-07-28 23:45:00,118021.7,118135.5,117815.0,118055.1,19.0027818
2025-07-29 00:00:00,118055.1,118276.4,117949.0,118276.3,22.67617314
2025-07-29 00:15:00,118276.4,118456.3,118235.0,118235.0,25.28995436
2025-07-29 00:30:00,118232.8,118262.4,117541.4,117697.4,51.57834511
2025-07-29 00:45:00,117697.3,117960.0,117645.0,117958.0,24.48214049
2025-07-29 01:00:00,117958.0,118105.9,117852.1,118080.0,10.8688872
2025-07-29 01:15:00,118079.7,118225.0,118060.2,118208.6,7.42876188
2025-07-29 01:30:00,118208.6,118228.9,118119.8,118145.6,17.18283541
2025-07-29 01:45:00,118145.6,118145.7,117743.4,117765.2,55.75443961
2025-07-29 02:00:00,117765.2,117936.8,117748.3,117884.9,36.60154206
2025-07-29 02:15:00,117884.9,117890.1,117445.0,117890.1,39.69027346
2025-07-29 02:30:00,117890.0,117969.6,117759.4,117950.0,23.03934154
2025-07-29 02:45:00,117950.0,118089.6,117850.0,118082.4,24.48719017
2025-07-29 03:00:00,118089.0,118428.4,118089.0,118380.6,31.05337534
2025-07-29 03:15:00,118383.5,118387.8,118252.5,118322.4,18.00288757
2025-07-29 03:30:00,118322.3,118488.5,118254.2,118488.5,35.20652313
2025-07-29 03:45:00,118488.4,118788.2,118481.6,118750.0,27.27335065
2025-07-29 04:00:00,118751.1,118790.8,118662.5,118755.0,18.5020789
2025-07-29 04:15:00,118756.2,118756.2,118558.6,118640.0,15.97696797
2025-07-29 04:30:00,118640.0,118673.3,118503.9,118503.9,20.48648065
2025-07-29 04:45:00,118504.0,118564.4,118417.0,118525.0,20.2309341
2025-07-29 05:00:00,118525.0,118738.3,118525.0,118672.8,12.92446952
2025-07-29 05:15:00,118672.7,118672.7,118545.5,118640.0,13.28394459
2025-07-29 05:30:00,118639.9,118734.7,118605.0,118729.4,9.97217701
2025-07-29 05:45:00,118729.9,118847.2,118729.9,118796.8,15.01566052
2025-07-29 06:00:00,118796.8,118855.0,118733.2,118854.9,13.07809681
2025-07-29 06:15:00,118855.0,119061.5,118854.9,118911.0,21.31527744
2025-07-29 06:30:00,118911.0,118999.3,118870.3,118982.1,12.12615078
2025-07-29 06:45:00,118982.1,118985.0,118765.5,118765.6,23.40495332
2025-07-29 07:00:00,118765.6,118928.6,118765.6,118824.9,13.33829227
2025-07-29 07:15:00,118825.0,118872.9,118788.9,118814.8,11.26389411
2025-07-29 07:30:00,118814.9,118968.7,118755.7,118968.7,23.74292159
2025-07-29 07:45:00,118968.7,119264.0,118800.8,118881.8,39.08740469
2025-07-29 08:00:00,118881.7,118995.0,118830.8,118992.4,15.45282943
2025-07-29 08:15:00,118992.3,119049.2,118767.8,118792.5,16.75260796
2025-07-29 08:30:00,118792.5,118976.9,118788.0,118970.5,15.61130237
2025-07-29 08:45:00,118970.6,119015.0,118801.8,118921.2,16.90248829
2025-07-29 09:00:00,118921.2,118982.5,118821.9,118828.5,12.63051719
2025-07-29 09:15:00,118824.9,118945.0,118756.7,118921.7,10.14992915
2025-07-29 09:30:00,118921.7,118921.7,118785.9,118905.0,8.47300707
2025-07-29 09:45:00,118907.1,118907.1,118761.1,118780.0,8.65790972
2025-07-29 10:00:00,118780.1,118825.3,118560.6,118585.0,23.68347081
2025-07-29 10:15:00,118585.0,118690.0,118541.9,118645.8,27.28308714
2025-07-29 10:30:00,118645.9,118761.9,118490.0,118490.1,18.52348982
2025-07-29 10:45:00,118490.0,118525.6,118302.2,118302.2,26.16504196
2025-07-29 11:00:00,118306.1,118400.8,118164.7,118400.7,25.15069105
2025-07-29 11:15:00,118400.8,118499.7,118365.0,118499.5,18.09581854
2025-07-29 11:30:00,118499.5,118507.9,118351.3,118449.1,15.6255012
2025-07-29 11:45:00,118442.2,118580.6,118399.9,118580.6,20.1555747
2025-07-29 12:00:00,118580.6,118685.8,118467.5,118495.0,23.03159443
2025-07-29 12:15:00,118495.0,119033.8,118495.0,118935.1,34.54603005
2025-07-29 12:30:00,118935.0,119065.5,118784.6,119033.3,26.42561046
2025-07-29 12:45:00,119033.2,119033.3,118823.4,118885.0,31.23687335
2025-07-29 13:00:00,118881.9,118903.7,118765.9,118859.9,28.50554607
2025-07-29 13:15:00,118860.0,118930.7,118820.2,118929.4,17.67867556
2025-07-29 13:30:00,118929.3,119004.5,118668.0,118834.0,39.99127168
2025-07-29 13:45:00,118833.9,118894.3,118541.2,118610.7,40.4857192
2025-07-29 14:00:00,118615.0,118625.0,117948.6,118160.2,53.91397843
2025-07-29 14:15:00,118160.0,118365.0,118126.2,118267.3,35.89142138
2025-07-29 14:30:00,118270.3,118298.0,118066.4,118256.7,29.35274489
2025-07-29 14:45:00,118256.7,118300.0,117704.5,117813.8,27.20641102
2025-07-29 15:00:00,117813.8,117959.0,117658.8,117779.4,40.13844361
2025-07-29 15:15:00,117779.4,117834.7,117500.0,117529.8,44.7644273
2025-07-29 15:30:00,117529.7,117608.6,117268.0,117451.0,46.88464619
2025-07-29 15:45:00,117450.9,117633.2,117357.5,117390.0,49.17127331
2025-07-29 16:00:00,117390.0,117493.8,117329.6,117421.0,28.48808697
2025-07-29 16:15:00,117420.9,117559.1,117293.8,117318.4,29.43096147
2025-07-29 16:30:00,117318.4,117450.0,116960.9,117450.0,49.05039891
2025-07-29 16:45:00,117451.8,117742.8,117427.1,117724.3,30.13436948
2025-07-29 17:00:00,117724.3,117894.0,117630.0,117890.9,34.39257123
2025-07-29 17:15:00,117890.9,117957.0,117732.9,117915.1,29.61630546
2025-07-29 17:30:00,117915.2,118048.0,117684.5,117684.6,52.13939932
2025-07-29 17:45:00,117684.0,117859.0,117684.0,117777.2,22.12462663
2025-07-29 18:00:00,117777.3,117827.0,117514.3,117589.8,28.2791904
2025-07-29 18:15:00,117590.0,117718.5,117483.0,117718.5,19.95467866
2025-07-29 18:30:00,117718.4,117808.4,117667.0,117694.9,21.75649069
2025-07-29 18:45:00,117694.9,117782.3,117509.8,117604.0,10.96397522
2025-07-29 19:00:00,117604.0,117780.2,117558.1,117780.2,20.19292249
2025-07-29 19:15:00,117781.0,118004.0,117410.6,117450.1,49.67244736
2025-07-29 19:30:00,117450.1,117589.6,117438.7,117547.0,21.50089591
2025-07-29 19:45:00,117548.0,117661.0,117515.4,117528.4,16.47715833
2025-07-29 20:00:00,117528.4,117622.1,117097.0,117217.5,46.15600421
2025-07-29 20:15:00,117217.5,117875.0,117182.6,117570.0,54.9416464
2025-07-29 20:30:00,117569.0,117569.9,117091.6,117193.2,36.04408652
2025-07-29 20:45:00,117199.5,117500.0,117133.7,117500.0,22.63178393
2025-07-29 21:00:00,117500.0,117541.0,117291.2,117433.0,27.30167763
2025-07-29 21:15:00,117432.0,117432.0,117188.1,117336.0,28.16167651
2025-07-29 21:30:00,117341.9,117363.9,117258.9,117268.3,14.69199557
2025-07-29 21:45:00,117268.2,117682.9,117265.9,117605.0,20.84956245
2025-07-29 22:00:00,117604.1,117732.0,117427.1,117448.0,23.98857635
2025-07-29 22:15:00,117448.0,117724.0,117447.9,117724.0,13.9390018
2025-07-29 22:30:00,117724.9,117775.0,117706.6,117753.1,12.52951813
2025-07-29 22:45:00,117753.0,117849.0,117749.6,117843.1,7.42453297
2025-07-29 23:00:00,117843.1,117886.9,117798.1,117835.0,9.47663528
2025-07-29 23:15:00,117834.9,117914.0,117824.9,117914.0,10.01217959
2025-07-29 23:30:00,117913.9,117984.5,117765.0,117765.0,11.73985035
2025-07-29 23:45:00,117764.7,117935.0,117727.0,117935.0,13.14818264
2025-07-30 00:00:00,117935.0,117958.9,117787.0,117940.1,13.91010923
2025-07-30 00:15:00,117940.2,117992.7,117710.0,117710.1,13.08902891
2025-07-30 00:30:00,117710.0,117766.8,117546.6,117597.0,27.61608801
2025-07-30 00:45:00,117598.0,117756.0,117537.0,117740.1,15.31136927
2025-07-30 01:00:00,117740.1,117787.0,117681.0,117757.3,8.83628498
2025-07-30 01:15:00,117757.4,117768.1,117424.2,117558.0,20.78563261
2025-07-30 01:30:00,117558.5,117883.0,117538.6,117871.0,12.70144298
2025-07-30 01:45:00,117872.0,118012.9,117830.3,117862.0,19.13005836
2025-07-30 02:00:00,117862.0,118099.4,117799.0,118092.4,19.44427688
2025-07-30 02:15:00,118092.4,118115.7,117909.0,117934.0,22.39265988
2025-07-30 02:30:00,117934.9,118111.0,117879.0,118058.0,24.26625623
2025-07-30 02:45:00,118057.9,118092.6,118001.0,118016.9,13.98852278
2025-07-30 03:00:00,118017.0,118033.5,117909.8,117986.9,11.06297878
2025-07-30 03:15:00,117987.0,118085.0,117913.4,118084.9,12.91476722
2025-07-30 03:30:00,118084.9,118162.3,118084.9,118155.0,7.12640822
2025-07-30 03:45:00,118156.0,118247.5,118046.3,118165.1,16.49892897
2025-07-30 04:00:00,118165.1,118260.9,118155.1,118227.0,12.83274779
2025-07-30 04:15:00,118227.0,118234.7,118165.1,118177.1,9.28923054
2025-07-30 04:30:00,118177.1,118177.2,117965.0,118029.6,14.56922471
2025-07-30 04:45:00,118029.6,118032.2,117970.2,118002.7,9.30348271
2025-07-30 05:00:00,118002.7,118073.0,117714.0,117714.1,16.03888476
2025-07-30 05:15:00,117714.0,117977.0,117668.7,117974.2,16.234794
2025-07-30 05:30:00,117974.1,117974.2,117894.1,117936.0,11.52520666
2025-07-30 05:45:00,117936.0,118028.0,117863.6,117978.9,15.4172049
2025-07-30 06:00:00,117978.9,118103.0,117978.9,118068.0,10.07934107
2025-07-30 06:15:00,118068.0,118192.1,118064.1,118189.4,13.16666825
2025-07-30 06:30:00,118187.8,118287.9,118107.0,118287.9,14.38471671
2025-07-30 06:45:00,118287.9,118310.1,118223.0,118288.9,9.71917309
2025-07-30 07:00:00,118288.0,118411.4,118202.9,118204.3,16.30146875
2025-07-30 07:15:00,118209.3,118345.0,118201.0,118345.0,11.16494246
2025-07-30 07:30:00,118345.0,118365.0,118168.3,118242.0,11.74879381
2025-07-30 07:45:00,118242.0,118242.0,118116.8,118123.6,20.38930275
2025-07-30 08:00:00,118123.6,118254.2,118015.5,118015.5,12.4520196
2025-07-30 08:15:00,118015.4,118152.0,117952.4,118152.0,16.23474824
2025-07-30 08:30:00,118152.9,118353.7,118089.0,118353.7,16.15160861
2025-07-30 08:45:00,118353.7,118470.3,118353.7,118371.5,22.44113955
2025-07-30 09:00:00,118371.5,118405.1,118227.0,118253.7,27.78028995
2025-07-30 09:15:00,118253.7,118285.9,118150.0,118150.0,16.36164443
2025-07-30 09:30:00,118150.1,118150.1,117987.0,118036.9,24.8606521
2025-07-30 09:45:00,118036.9,118195.9,118036.8,118164.8,23.2164274
2025-07-30 10:00:00,118164.9,118342.1,118164.9,118314.0,11.99665857
2025-07-30 10:15:00,118314.1,118314.1,118216.0,118312.7,12.44026541
2025-07-30 10:30:00,118312.7,118415.0,118285.0,118368.1,17.10589792
2025-07-30 10:45:00,118368.1,118406.9,117934.1,118009.2,25.67964801
2025-07-30 11:00:00,118010.0,118173.0,117987.0,118090.0,22.41972662
2025-07-30 11:15:00,118090.0,118090.1,117801.2,117825.1,28.63778575
2025-07-30 11:30:00,117825.1,117982.0,117796.7,117796.7,28.9006139
2025-07-30 11:45:00,117796.8,117834.3,117361.9,117566.2,66.55753582
2025-07-30 12:00:00,117567.0,117635.9,117358.7,117479.1,28.39674736
2025-07-30 12:15:00,117479.0,117840.9,117365.3,117730.4,49.62745763
2025-07-30 12:30:00,117730.4,117909.0,117554.0,117573.7,48.45056866
2025-07-30 12:45:00,117573.7,117847.9,117569.6,117737.0,28.69264593
2025-07-30 13:00:00,117736.0,117870.0,117399.1,117532.0,46.41684219
2025-07-30 13:15:00,117532.1,117808.5,117454.0,117506.3,47.4772131
2025-07-30 13:30:00,117506.2,117824.0,117436.0,117647.0,51.18176705
2025-07-30 13:45:00,117648.0,117796.9,117465.1,117664.0,50.86061521
2025-07-30 14:00:00,117664.1,117864.7,117616.2,117840.9,30.98321854
2025-07-30 14:15:00,117840.9,117997.5,117714.4,117726.0,29.44292567
2025-07-30 14:30:00,117726.0,118191.0,117726.0,118114.1,44.58594823
2025-07-30 14:45:00,118114.1,118710.0,118063.0,118705.9,83.76608964
2025-07-30 15:00:00,118706.0,118770.5,118309.0,118372.9,50.28840824
2025-07-30 15:15:00,118372.8,118441.0,118098.7,118151.9,31.1016506
2025-07-30 15:30:00,118152.0,118207.0,118072.0,118102.0,27.84196817
2025-07-30 15:45:00,118099.0,118182.0,117836.1,117986.0,32.90209852
2025-07-30 16:00:00,117987.0,117997.0,117633.1,117808.9,35.05930123
2025-07-30 16:15:00,117808.9,117999.2,117770.1,117801.3,24.30511368
2025-07-30 16:30:00,117801.2,117871.0,117702.0,117756.7,18.88493136
2025-07-30 16:45:00,117758.0,117813.9,117672.9,117721.0,15.06568952
2025-07-30 17:00:00,117722.0,117875.0,117706.6,117763.5,15.90137326
2025-07-30 17:15:00,117763.4,117941.3,117730.0,117804.6,21.13524226
2025-07-30 17:30:00,117804.5,117854.0,117740.0,117820.0,10.81563431
2025-07-30 17:45:00,117820.1,117839.2,117650.6,117803.0,17.45524636
2025-07-30 18:00:00,117802.9,118036.9,117402.8,117680.1,64.62921707
2025-07-30 18:15:00,117680.1,117877.4,117529.0,117750.5,31.7571074
2025-07-30 18:30:00,117750.5,117830.0,117262.5,117406.5,60.51970677
2025-07-30 18:45:00,117413.6,117486.2,116509.4,116526.5,92.20292505
2025-07-30 19:00:00,116526.4,116526.4,115781.7,116280.7,172.1249947
2025-07-30 19:15:00,116280.7,116456.0,116178.2,116455.9,62.15573462
2025-07-30 19:30:00,116455.9,116768.5,116262.7,116739.3,56.03925413
2025-07-30 19:45:00,116740.1,117113.9,116646.5,116929.5,48.81687575
2025-07-30 20:00:00,116925.6,117325.1,116891.8,117298.6,45.21091358
2025-07-30 20:15:00,117298.6,117313.9,117090.6,117117.0,25.92767829
2025-07-30 20:30:00,117117.0,117231.3,116998.0,117037.8,28.25034562
2025-07-30 20:45:00,117037.1,117173.8,116943.5,117173.8,21.3378061
2025-07-30 21:00:00,117175.0,117230.1,117101.8,117102.7,22.85486854
2025-07-30 21:15:00,117102.7,117189.0,117000.2,117000.2,19.22190918
2025-07-30 21:30:00,117000.0,117099.6,116956.8,117047.4,16.34473805
2025-07-30 21:45:00,117049.7,117337.5,117049.7,117328.3,36.82776809
2025-07-30 22:00:00,117328.2,117437.5,117266.1,117360.0,20.49592698
2025-07-30 22:15:00,117360.1,117430.8,117262.3,117316.7,12.73998734
2025-07-30 22:30:00,117316.8,117442.9,117291.5,117442.9,14.65070361
2025-07-30 22:45:00,117442.8,117494.6,117395.1,117483.2,10.20041152
2025-07-30 23:00:00,117483.3,117592.4,117465.5,117548.0,10.26482179
2025-07-30 23:15:00,117548.0,117571.0,117520.2,117571.0,8.31414704
2025-07-30 23:30:00,117571.0,117736.3,117571.0,117736.3,12.85455901
2025-07-30 23:45:00,117736.4,117908.2,117736.4,117839.2,15.53192231
2025-07-31 00:00:00,117839.1,117932.9,117788.0,117894.0,11.91711907
2025-07-31 00:15:00,117894.0,118072.0,117893.9,118065.0,12.03999222
2025-07-31 00:30:00,118065.0,118342.0,118047.1,118341.9,20.27934205
2025-07-31 00:45:00,118341.9,118531.2,118281.3,118412.5,29.95185096
2025-07-31 01:00:00,118412.5,118453.6,118310.9,118423.5,13.48977784
2025-07-31 01:15:00,118423.6,118438.1,118158.0,118299.4,18.4619604
2025-07-31 01:30:00,118300.0,118335.4,118202.6,118232.0,11.31959115
2025-07-31 01:45:00,118233.0,118237.5,117992.8,118048.4,23.59429394
2025-07-31 02:00:00,118048.5,118248.7,117977.5,118243.1,19.98246679
2025-07-31 02:15:00,118242.4,118259.1,118159.2,118184.2,10.30263951
2025-07-31 02:30:00,118184.3,118430.3,118184.2,118430.3,19.23726171
2025-07-31 02:45:00,118430.6,118494.1,118346.9,118448.2,16.92661358
2025-07-31 03:00:00,118448.2,118483.1,118381.5,118412.4,9.34531564
2025-07-31 03:15:00,118412.5,118424.1,118386.2,118424.0,2.07117367
2025-07-31 03:30:00,118424.0,118461.8,118385.1,118461.8,12.26504057
2025-07-31 03:45:00,118461.7,118595.1,118441.8,118448.2,20.15914563
2025-07-31 04:00:00,118460.0,118485.7,118444.7,118445.7,5.21771631
2025-07-31 04:15:00,118445.6,118445.7,118364.1,118365.9,12.60229085
2025-07-31 04:30:00,118368.6,118549.3,118368.6,118455.1,10.85068043
2025-07-31 04:45:00,118455.0,118544.5,118455.0,118521.5,8.83090571
2025-07-31 05:00:00,118521.5,118539.2,118365.0,118365.0,12.92424747
2025-07-31 05:15:00,118365.1,118434.8,118350.0,118372.0,11.72884758
2025-07-31 05:30:00,118372.0,118413.7,118362.5,118362.5,5.02048887
2025-07-31 05:45:00,118362.5,118375.8,118330.9,118346.0,5.7983045
2025-07-31 06:00:00,118346.0,118384.0,118283.8,118283.9,8.08631331
2025-07-31 06:15:00,118283.9,118414.3,118283.8,118414.2,6.27977915
2025-07-31 06:30:00,118414.3,118584.9,118398.1,118559.4,11.49029966
2025-07-31 06:45:00,118559.5,118721.3,118559.5,118701.0,11.6586156
2025-07-31 07:00:00,118701.1,118736.0,118600.1,118725.8,19.02290042
2025-07-31 07:15:00,118725.8,118908.3,118725.6,118827.5,22.49201843
2025-07-31 07:30:00,118823.1,118823.1,118627.6,118632.8,16.50228199
2025-07-31 07:45:00,118632.8,118700.0,118632.8,118653.9,6.95730505
2025-07-31 08:00:00,118653.9,118706.8,118610.9,118627.2,8.07458286
2025-07-31 08:15:00,118627.1,118648.0,118571.8,118632.2,6.16723751
2025-07-31 08:30:00,118632.2,118749.0,118595.0,118749.0,12.49326769
2025-07-31 08:45:00,118750.0,118750.0,118568.8,118574.1,12.96534034
2025-07-31 09:00:00,118574.1,118574.1,118488.9,118507.0,11.19676631
2025-07-31 09:15:00,118507.0,118516.0,118464.3,118515.9,10.25891341
2025-07-31 09:30:00,118515.9,118551.0,118501.0,118519.0,8.85359441
2025-07-31 09:45:00,118519.0,118600.9,118519.0,118600.8,5.42882728
2025-07-31 10:00:00,118600.9,118700.6,118536.0,118543.0,11.9723415
2025-07-31 10:15:00,118543.0,118555.8,118435.1,118453.1,10.7286867
2025-07-31 10:30:00,118453.0,118525.6,118430.4,118525.6,12.62825093
2025-07-31 10:45:00,118525.6,118611.9,118498.5,118498.6,9.46518872
2025-07-31 11:00:00,118498.6,118538.0,118467.2,118512.4,10.19493518
2025-07-31 11:15:00,118513.0,118517.0,118409.9,118409.9,14.51006684
2025-07-31 11:30:00,118409.9,118472.6,118339.1,118344.9,22.27720619
2025-07-31 11:45:00,118344.9,118362.0,118300.0,118350.9,13.67535449
2025-07-31 12:00:00,118351.0,118473.0,118346.1,118432.1,24.21653428
2025-07-31 12:15:00,118432.0,118522.0,118335.4,118521.9,28.45810865
2025-07-31 12:30:00,118522.0,118523.9,118300.0,118393.5,33.08608042
2025-07-31 12:45:00,118393.4,118640.7,118367.7,118626.6,18.69936492
2025-07-31 13:00:00,118626.6,118626.7,118278.9,118278.9,32.22305573
2025-07-31 13:15:00,118278.0,118335.0,118104.0,118137.8,33.87597966
2025-07-31 13:30:00,118137.8,118569.0,117821.8,118329.9,70.16723972
2025-07-31 13:45:00,118329.8,118699.0,118277.1,118569.4,56.56590509
2025-07-31 14:00:00,118581.0,118635.0,118267.0,118305.0,41.94053278
2025-07-31 14:15:00,118305.3,118351.9,117933.8,117990.0,64.73451145
2025-07-31 14:30:00,117979.9,118222.6,117910.5,118045.4,36.09618036
2025-07-31 14:45:00,118045.4,118170.5,117909.1,117909.2,23.80477911
2025-07-31 15:00:00,117909.2,118186.6,117900.8,118032.0,30.84079916
2025-07-31 15:15:00,118031.0,118181.9,117913.9,118043.4,34.08523354
2025-07-31 15:30:00,118043.1,118325.0,118043.1,118294.1,34.04435389
2025-07-31 15:45:00,118294.1,118344.4,118121.1,118299.9,23.54186732
2025-07-31 16:00:00,118300.0,118404.6,118240.4,118330.0,30.21311662
2025-07-31 16:15:00,118330.0,118524.7,118330.0,118524.7,16.62446778
2025-07-31 16:30:00,118524.8,118871.4,118524.8,118620.9,66.74430792
2025-07-31 16:45:00,118621.0,118650.4,118402.4,118513.0,23.2121275
2025-07-31 17:00:00,118513.0,118540.0,118203.1,118275.5,36.11784017
2025-07-31 17:15:00,118275.6,118358.9,117758.8,117873.9,69.08234942
2025-07-31 17:30:00,117873.9,118136.5,117780.4,118077.4,31.37297
2025-07-31 17:45:00,118077.4,118217.9,117704.9,117729.2,36.99006728
2025-07-31 18:00:00,117730.0,117796.3,117400.9,117543.2,47.54099462
2025-07-31 18:15:00,117541.9,117922.0,117400.1,117922.0,32.70963885
2025-07-31 18:30:00,117922.2,118005.3,117784.0,117816.2,18.4789777
2025-07-31 18:45:00,117816.2,117941.6,117612.2,117654.7,26.76183355
2025-07-31 19:00:00,117654.9,117752.0,117202.1,117285.0,55.53799946
2025-07-31 19:15:00,117289.2,117349.0,117125.9,117155.1,33.35144107
2025-07-31 19:30:00,117155.2,117192.7,116868.0,116948.0,36.02515769
2025-07-31 19:45:00,116953.5,117002.4,116764.4,116787.3,30.85884698
2025-07-31 20:00:00,116786.6,116990.1,116564.7,116637.3,34.9740354
2025-07-31 20:15:00,116637.4,116842.1,116477.2,116765.2,26.98397067
2025-07-31 20:30:00,116765.2,116931.0,116461.0,116579.9,27.92663089
2025-07-31 20:45:00,116580.0,116627.6,116456.7,116529.2,21.56122656
2025-07-31 21:00:00,116527.2,116754.5,116496.1,116562.8,16.59835641
2025-07-31 21:15:00,116562.8,116784.2,116529.7,116784.2,15.341602
2025-07-31 21:30:00,116789.3,116908.8,116659.0,116726.4,11.30973755
2025-07-31 21:45:00,116726.4,116778.2,116244.3,116539.9,49.09599528
2025-07-31 22:00:00,116536.9,116536.9,116114.0,116294.6,40.81331363
2025-07-31 22:15:00,116302.4,116405.7,116122.6,116285.1,27.76268338
2025-07-31 22:30:00,116289.6,116296.7,116076.0,116208.7,19.32021624
2025-07-31 22:45:00,116208.7,116278.3,116020.8,116020.9,19.72282343
2025-07-31 23:00:00,116021.0,116369.4,115957.9,116369.3,32.08054225
2025-07-31 23:15:00,116369.4,116369.4,116054.9,116054.9,16.34625352
2025-07-31 23:30:00,116052.9,116052.9,115486.9,115756.9,54.95337233
2025-07-31 23:45:00,115765.4,115863.4,115584.8,115770.2,45.83465229
2025-08-01 00:00:00,115770.1,115832.4,115312.0,115312.9,31.98434861
2025-08-01 00:15:00,115313.0,115928.2,115312.9,115804.8,50.85718523
2025-08-01 00:30:00,115804.8,115804.8,115427.1,115526.6,30.93185097
2025-08-01 00:45:00,115518.7,115524.0,114312.5,115430.7,182.67442123
2025-08-01 01:00:00,115428.0,115599.4,114591.7,114651.4,89.49191238
2025-08-01 01:15:00,114645.8,115259.4,114645.7,115199.9,61.09598193
2025-08-01 01:30:00,115193.2,115403.2,115000.0,115298.1,36.75831528
2025-08-01 01:45:00,115298.1,115409.5,115061.7,115330.1,33.64180506
2025-08-01 02:00:00,115330.1,115596.5,115226.7,115596.5,34.58039768
2025-08-01 02:15:00,115596.5,115837.6,115522.1,115621.9,61.83130252
2025-08-01 02:30:00,115621.9,116019.0,115602.1,115911.7,48.56632652
2025-08-01 02:45:00,115911.7,116020.3,115876.0,115958.6,27.45732645
2025-08-01 03:00:00,115966.2,115991.5,115808.1,115832.0,23.15440643
2025-08-01 03:15:00,115832.0,116057.0,115832.0,116046.8,20.40129349
2025-08-01 03:30:00,116039.4,116039.5,115851.0,115851.0,17.92135421
2025-08-01 03:45:00,115851.1,115895.6,115627.9,115657.9,20.34944138
2025-08-01 04:00:00,115657.9,115657.9,115279.2,115413.1,35.20250133
2025-08-01 04:15:00,115413.1,115549.7,115395.2,115540.3,35.98410455
2025-08-01 04:30:00,115540.2,115630.0,115477.0,115576.9,17.9998529
2025-08-01 04:45:00,115576.9,115697.0,115502.0,115694.8,17.02294977
2025-08-01 05:00:00,115694.8,115915.7,115664.0,115844.1,20.5530289
2025-08-01 05:15:00,115842.5,115842.5,115484.9,115605.0,23.84550287
2025-08-01 05:30:00,115605.1,115754.6,115459.0,115523.0,32.10213135
2025-08-01 05:45:00,115522.1,115659.7,115400.0,115570.8,19.57177504
2025-08-01 06:00:00,115570.6,115656.0,115408.8,115423.3,16.9682607
2025-08-01 06:15:00,115424.0,115493.8,115248.1,115254.6,23.85044175
2025-08-01 06:30:00,115256.1,115320.9,115060.0,115089.2,34.08621388
2025-08-01 06:45:00,115089.1,115202.5,115078.9,115152.2,17.83356178
2025-08-01 07:00:00,115152.2,115296.8,114893.7,114975.8,23.59222875
2025-08-01 07:15:00,114981.0,115131.9,114826.4,114844.6,43.20636198
2025-08-01 07:30:00,114844.6,114882.0,114633.1,114760.2,20.39164798
2025-08-01 07:45:00,114762.7,115090.0,114729.0,115084.6,39.75555749
2025-08-01 08:00:00,115082.0,115082.0,114398.8,114674.0,63.91916134
2025-08-01 08:15:00,114674.0,114764.9,114350.8,114421.5,36.59344634
2025-08-01 08:30:00,114421.6,114619.9,114108.8,114592.0,77.94530704
2025-08-01 08:45:00,114591.0,114763.6,114553.3,114612.0,34.11023102
2025-08-01 09:00:00,114611.2,115107.5,114545.6,114986.2,59.59249663
2025-08-01 09:15:00,114988.0,115294.2,114969.5,115294.2,40.41126876
2025-08-01 09:30:00,115295.6,115339.3,115127.0,115188.9,27.35103388
2025-08-01 09:45:00,115189.0,115189.0,114933.2,114936.4,31.44987452
2025-08-01 10:00:00,114936.5,115165.7,114879.5,115165.6,27.34487953
2025-08-01 10:15:00,115165.7,115195.0,115004.0,115016.2,21.403316
2025-08-01 10:30:00,115016.2,115018.8,114780.9,114929.0,44.77043659
2025-08-01 10:45:00,114929.0,115014.0,114713.0,114740.9,37.23613498
2025-08-01 11:00:00,114754.3,114978.1,114603.0,114978.1,37.03383594
2025-08-01 11:15:00,114978.1,115067.0,114798.8,115067.0,31.63341812
2025-08-01 11:30:00,115066.9,115230.5,115061.6,115175.8,23.42564579
2025-08-01 11:45:00,115175.8,115335.9,115153.6,115305.8,32.59965614
2025-08-01 12:00:00,115305.7,115507.9,115263.6,115493.3,45.61032195
2025-08-01 12:15:00,115493.2,115493.3,115240.0,115448.6,41.90600405
2025-08-01 12:30:00,115450.9,115884.1,115170.2,115880.1,126.57745896
2025-08-01 12:45:00,115880.0,115916.8,115639.5,115735.6,39.52155695
2025-08-01 13:00:00,115732.5,116007.6,115699.9,115781.8,33.86942632
2025-08-01 13:15:00,115781.8,115917.7,115545.5,115693.0,31.52042249
2025-08-01 13:30:00,115675.7,115675.9,114986.0,114986.0,76.18902011
2025-08-01 13:45:00,114986.1,114998.4,114174.5,114352.0,81.25808967
2025-08-01 14:00:00,114351.9,115256.3,113961.8,115062.5,112.42089916
2025-08-01 14:15:00,115056.6,115740.2,114927.6,115740.2,67.28138776
2025-08-01 14:30:00,115740.1,115817.0,115374.0,115420.0,49.31878769
2025-08-01 14:45:00,115421.0,115746.9,115381.1,115607.0,50.86796489
2025-08-01 15:00:00,115608.0,115629.0,115061.9,115130.0,63.76200348
2025-08-01 15:15:00,115129.9,115188.0,114680.0,114772.2,84.23146861
2025-08-01 15:30:00,114783.1,115209.1,114690.6,115209.1,53.60612634
2025-08-01 15:45:00,115210.0,115486.1,115155.9,115357.0,62.47106441
2025-08-01 16:00:00,115356.0,115686.0,115305.6,115612.6,54.0899043
2025-08-01 16:15:00,115612.5,115685.3,115494.0,115600.1,31.87100165
2025-08-01 16:30:00,115600.0,115600.0,115004.0,115417.1,49.75010472
2025-08-01 16:45:00,115417.1,115523.4,114825.5,115009.9,55.12250723
2025-08-01 17:00:00,115010.0,115029.0,114521.3,114587.3,53.32235325
2025-08-01 17:15:00,114587.3,114801.6,114501.3,114642.8,39.38658999
2025-08-01 17:30:00,114655.2,115090.9,114426.7,114459.1,56.35988668
2025-08-01 17:45:00,114454.9,114618.7,114345.8,114416.9,35.59625835
2025-08-01 18:00:00,114417.0,114496.6,114066.5,114120.5,36.72933642
2025-08-01 18:15:00,114122.5,114374.6,113665.9,114156.0,99.91504969
2025-08-01 18:30:00,114152.4,114341.9,114060.5,114187.9,41.49956757
2025-08-01 18:45:00,114179.3,114222.7,113759.3,113851.6,54.15648745
2025-08-01 19:00:00,113832.9,113917.3,113616.6,113682.7,45.33262377
2025-08-01 19:15:00,113681.3,113721.9,113250.0,113391.1,56.94163918
2025-08-01 19:30:00,113391.0,113891.3,113224.6,113242.9,74.03692743
2025-08-01 19:45:00,113245.3,113612.3,113245.3,113324.0,50.20450031
2025-08-01 20:00:00,113320.7,113652.0,113164.2,113293.3,64.89336071
2025-08-01 20:15:00,113293.5,113631.7,113192.8,113484.8,42.8193766
2025-08-01 20:30:00,113484.8,113715.8,113409.3,113650.0,33.9216322
2025-08-01 20:45:00,113653.0,113980.1,113598.7,113962.8,37.02260644
2025-08-01 21:00:00,113962.8,114064.9,113849.1,113868.1,42.89533579
2025-08-01 21:15:00,113860.8,114012.1,113697.7,114001.9,30.01056626
2025-08-01 21:30:00,114010.0,114095.5,113965.3,113965.4,15.62512765
2025-08-01 21:45:00,113965.3,114085.7,113895.3,113895.4,10.11468978
2025-08-01 22:00:00,113895.4,114010.9,113517.7,113643.3,47.43455535
2025-08-01 22:15:00,113643.2,113812.0,113178.8,113451.1,51.65582157
2025-08-01 22:30:00,113449.8,113494.7,112888.5,113057.2,84.20290821
2025-08-01 22:45:00,113057.2,113246.1,112730.9,113140.2,74.17363698
2025-08-01 23:00:00,113140.2,113353.0,112908.5,113310.5,39.85997077
2025-08-01 23:15:00,113310.6,113549.3,113243.6,113539.2,18.55999486
2025-08-01 23:30:00,113539.3,113539.3,113234.3,113319.2,20.49221952
2025-08-01 23:45:00,113332.7,113416.2,113221.0,113298.7,19.00831578
2025-08-02 00:00:00,113298.7,113405.9,113198.5,113352.6,35.05566383
2025-08-02 00:15:00,113352.6,113606.5,113342.5,113562.4,17.90322054
2025-08-02 00:30:00,113562.4,113680.6,113441.7,113624.6,18.43439811
2025-08-02 00:45:00,113624.7,113823.0,113624.7,113802.0,17.43088332
2025-08-02 01:00:00,113807.7,113894.7,113671.1,113761.9,17.36999875
2025-08-02 01:15:00,113767.6,113847.7,113513.5,113559.5,17.60829357
2025-08-02 01:30:00,113561.5,113630.5,113426.1,113537.9,15.60765972
2025-08-02 01:45:00,113538.0,113666.5,113508.8,113666.5,10.47189314
2025-08-02 02:00:00,113666.5,113757.3,113612.8,113739.9,15.07514168
2025-08-02 02:15:00,113739.8,113739.9,113533.0,113626.7,28.42007348
2025-08-02 02:30:00,113626.7,113721.8,113624.1,113673.3,11.84144528
2025-08-02 02:45:00,113673.3,113717.7,113609.5,113696.5,6.22063315
2025-08-02 03:00:00,113697.4,113897.3,113697.4,113874.6,8.67021655
2025-08-02 03:15:00,113874.5,113900.9,113771.3,113809.7,10.25122371
2025-08-02 03:30:00,113809.7,113852.2,113765.1,113852.1,3.86792538
2025-08-02 03:45:00,113852.2,113905.6,113810.3,113905.6,14.14634363
2025-08-02 04:00:00,113905.8,113927.8,113854.0,113854.1,4.4170428
2025-08-02 04:15:00,113854.1,113983.8,113820.7,113983.7,10.08091496
2025-08-02 04:30:00,113983.7,114050.4,113983.7,114021.6,10.31837964
2025-08-02 04:45:00,114021.6,114030.8,114006.0,114018.8,7.62971069
2025-08-02 05:00:00,114018.8,114046.3,113891.9,113891.9,11.81320973
2025-08-02 05:15:00,113891.9,114040.0,113854.2,114039.9,5.85389468
2025-08-02 05:30:00,114040.0,114040.0,113969.1,113969.2,5.8308145
2025-08-02 05:45:00,113969.2,114000.0,113913.9,113984.0,3.89425217
2025-08-02 06:00:00,113984.0,113984.0,113826.1,113840.0,12.07104598
2025-08-02 06:15:00,113839.9,113839.9,113562.5,113562.6,18.9463525
2025-08-02 06:30:00,113562.6,113654.0,113464.1,113550.6,18.83295675
2025-08-02 06:45:00,113554.2,113734.1,113554.2,113710.4,14.35521826
2025-08-02 07:00:00,113710.4,113768.2,113557.5,113674.3,16.59704729
2025-08-02 07:15:00,113675.0,113926.8,113675.0,113926.7,18.55606776
2025-08-02 07:30:00,113926.8,113970.9,113851.1,113926.6,16.16552572
2025-08-02 07:45:00,113926.7,114014.0,113915.7,113981.4,16.45276567
2025-08-02 08:00:00,113981.4,113995.4,113951.9,113959.9,6.94828762
2025-08-02 08:15:00,113959.9,114039.0,113888.9,113891.8,14.30384439
2025-08-02 08:30:00,113891.7,113891.7,113728.0,113728.1,32.97665062
2025-08-02 08:45:00,113728.1,113823.7,113693.3,113700.9,22.49516496
2025-08-02 09:00:00,113701.0,113837.9,113700.8,113817.0,22.95486589
2025-08-02 09:15:00,113817.1,113852.0,113733.9,113733.9,18.1003702
2025-08-02 09:30:00,113733.9,113734.0,113574.1,113586.1,19.54567222
2025-08-02 09:45:00,113586.1,113691.9,113586.0,113691.9,9.21828619
2025-08-02 10:00:00,113691.9,113704.0,113612.0,113612.0,11.32495472
2025-08-02 10:15:00,113612.0,113685.6,113517.3,113648.3,13.33756501
2025-08-02 10:30:00,113648.3,113648.4,113444.9,113444.9,20.08285139
2025-08-02 10:45:00,113445.0,113641.8,113445.0,113575.0,12.63789116
2025-08-02 11:00:00,113575.1,113641.9,113460.0,113487.4,15.08273913
2025-08-02 11:15:00,113487.3,113862.0,113487.3,113861.9,19.82840641
2025-08-02 11:30:00,113861.9,113911.0,113811.0,113811.1,15.27705991
2025-08-02 11:45:00,113811.1,113844.1,113751.9,113791.0,14.81346722
2025-08-02 12:00:00,113791.0,113791.0,113714.7,113738.0,8.77289114
2025-08-02 12:15:00,113737.5,113748.0,113701.0,113718.9,10.49815391
2025-08-02 12:30:00,113718.9,113744.0,113581.4,113581.4,12.47778834
2025-08-02 12:45:00,113581.5,113678.0,113578.4,113643.0,12.27448014
2025-08-02 13:00:00,113642.1,113642.1,113459.0,113459.1,14.85916299
2025-08-02 13:15:00,113459.1,113475.0,113300.1,113300.1,8.74013196
2025-08-02 13:30:00,113300.1,113468.7,113226.0,113370.6,19.87505932
2025-08-02 13:45:00,113369.2,113527.8,113346.0,113466.0,8.63394378
2025-08-02 14:00:00,113466.1,113527.0,113361.0,113361.0,11.44978232
2025-08-02 14:15:00,113361.0,113361.1,113142.7,113268.5,18.1805286
2025-08-02 14:30:00,113268.5,113268.5,112986.9,112995.0,24.00637719
2025-08-02 14:45:00,112998.1,113177.6,112954.6,113110.4,26.9411176
2025-08-02 15:00:00,113110.4,113274.9,113099.2,113261.0,15.66693639
2025-08-02 15:15:00,113261.0,113425.7,113249.1,113252.0,14.98217784
2025-08-02 15:30:00,113251.4,113251.5,112963.4,113029.5,25.19544208
2025-08-02 15:45:00,113029.5,113043.0,112820.0,112831.2,19.18663918
2025-08-02 16:00:00,112831.3,112966.6,112722.6,112770.5,38.46952299
2025-08-02 16:15:00,112770.6,113000.0,112722.5,112929.0,33.88923833
2025-08-02 16:30:00,112929.1,113145.0,112879.0,113113.0,20.44865
2025-08-02 16:45:00,113113.1,113246.0,113000.0,113193.3,16.86823556
2025-08-02 17:00:00,113193.3,113366.0,113160.7,113356.0,13.41182553
2025-08-02 17:15:00,113356.0,113411.9,113268.0,113349.4,22.33804909
2025-08-02 17:30:00,113350.0,113355.7,113107.5,113126.6,15.83917742
2025-08-02 17:45:00,113126.6,113126.6,112581.8,112723.1,50.21305502
2025-08-02 18:00:00,112723.1,112913.9,112491.1,112498.9,37.34439534
2025-08-02 18:15:00,112498.8,112723.5,112146.0,112386.2,75.21593144
2025-08-02 18:30:00,112375.3,112566.0,112283.9,112491.3,34.28721636
2025-08-02 18:45:00,112491.3,112517.3,112050.0,112302.9,47.2198835
2025-08-02 19:00:00,112320.1,112418.6,111988.6,112042.2,63.92304489
2025-08-02 19:15:00,112046.9,112707.7,112038.6,112701.2,51.24216325
2025-08-02 19:30:00,112708.0,112942.3,112610.9,112761.9,34.76091691
2025-08-02 19:45:00,112757.7,112757.7,112217.4,112222.6,27.73467906
2025-08-02 20:00:00,112222.7,112369.1,112069.9,112341.5,44.1032003
2025-08-02 20:15:00,112343.0,112480.4,112106.7,112425.7,23.73887918
2025-08-02 20:30:00,112427.3,112427.3,112300.7,112421.7,13.8735394
2025-08-02 20:45:00,112421.8,112774.9,112376.1,112774.9,22.31600599
2025-08-02 21:00:00,112775.0,112928.9,112598.8,112604.4,35.30925853
2025-08-02 21:15:00,112604.5,112695.8,112561.1,112592.2,17.05841766
2025-08-02 21:30:00,112592.3,112879.9,112592.3,112857.7,13.56410909
2025-08-02 21:45:00,112860.0,113049.1,112844.8,112855.3,33.62360398
2025-08-02 22:00:00,112855.3,113003.0,112835.3,112835.3,19.62789873
2025-08-02 22:15:00,112837.9,112837.9,112548.7,112585.9,19.61037241
2025-08-02 22:30:00,112586.0,112849.3,112586.0,112795.9,17.06799852
2025-08-02 22:45:00,112796.0,112944.9,112794.7,112865.0,12.28426152
2025-08-02 23:00:00,112865.1,112865.1,112564.0,112612.3,11.95667232
2025-08-02 23:15:00,112612.4,112717.4,112314.7,112314.7,31.76468438
2025-08-02 23:30:00,112314.7,112770.2,112291.2,112709.4,24.18168509
2025-08-02 23:45:00,112709.5,112759.2,112522.2,112547.1,13.88188255
2025-08-03 00:00:00,112555.6,112721.5,112508.0,112659.8,25.3721933
2025-08-03 00:15:00,112659.8,112785.9,112301.9,112371.8,29.30469764
2025-08-03 00:30:00,112371.8,112720.2,111918.6,112635.9,77.51150252
2025-08-03 00:45:00,112635.9,112976.7,112607.1,112959.6,43.25911049
2025-08-03 01:00:00,112955.9,113128.0,112846.1,113022.6,37.50298884
2025-08-03 01:15:00,113022.2,113199.7,112936.1,113198.0,25.72669415
2025-08-03 01:30:00,113197.9,113257.0,113138.4,113239.2,26.89818762
2025-08-03 01:45:00,113202.1,113202.1,112985.4,113114.0,24.56813717
2025-08-03 02:00:00,113113.0,113387.5,113106.0,113387.5,16.70300947
2025-08-03 02:15:00,113387.4,113405.9,113288.6,113363.1,18.9727057
2025-08-03 02:30:00,113363.1,113430.0,113358.1,113413.6,3.05503289
2025-08-03 02:45:00,113413.6,113514.9,113354.0,113514.9,9.22519071
2025-08-03 03:00:00,113514.9,113527.5,113450.9,113462.9,8.56928668
2025-08-03 03:15:00,113463.0,113556.0,113437.8,113511.7,12.04185005
2025-08-03 03:30:00,113511.8,113720.3,113511.8,113718.0,11.61984442
2025-08-03 03:45:00,113718.0,113723.9,113606.6,113606.6,13.63539511
2025-08-03 04:00:00,113606.6,113606.6,113420.1,113420.1,15.32503154
2025-08-03 04:15:00,113420.1,113524.0,113420.1,113519.6,9.51540571
2025-08-03 04:30:00,113519.6,113519.6,113362.0,113387.1,10.61818442
2025-08-03 04:45:00,113387.0,113469.0,113361.0,113464.0,11.75338006
2025-08-03 05:00:00,113464.1,113512.6,113412.6,113498.2,8.4139968
2025-08-03 05:15:00,113498.1,113601.9,113488.2,113601.9,4.03165272
2025-08-03 05:30:00,113601.8,113659.1,113534.0,113534.0,11.29591719
2025-08-03 05:45:00,113533.2,113623.8,113492.8,113623.8,10.16263753
2025-08-03 06:00:00,113623.8,113635.0,113536.0,113536.1,17.41535226
2025-08-03 06:15:00,113536.0,113587.0,113510.6,113554.9,7.48022397
2025-08-03 06:30:00,113555.0,113585.1,113480.0,113480.1,9.91795419
2025-08-03 06:45:00,113480.1,113553.9,113480.1,113553.4,17.48914079
2025-08-03 07:00:00,113554.0,113681.6,113554.0,113667.9,19.74889716
2025-08-03 07:15:00,113668.0,113700.0,113633.3,113700.0,9.16531426
2025-08-03 07:30:00,113699.9,113719.3,113671.9,113699.5,15.42878796
2025-08-03 07:45:00,113699.6,113699.6,113665.5,113697.9,7.81959229
2025-08-03 08:00:00,113697.9,113795.1,113697.9,113789.8,11.30974501
2025-08-03 08:15:00,113789.8,113789.9,113680.6,113680.7,16.77484396
2025-08-03 08:30:00,113680.6,113680.7,113591.0,113599.0,13.98286782
2025-08-03 08:45:00,113598.9,113695.0,113555.0,113695.0,20.37282839
2025-08-03 09:00:00,113695.0,113710.0,113645.1,113681.2,12.65066466
2025-08-03 09:15:00,113681.2,113682.2,113634.3,113650.0,14.06829443
2025-08-03 09:30:00,113651.0,113687.0,113651.0,113671.1,11.73967689
2025-08-03 09:45:00,113671.1,113689.3,113669.0,113669.1,11.44125341
2025-08-03 10:00:00,113669.1,113767.9,113669.0,113767.9,12.39557754
2025-08-03 10:15:00,113767.9,113778.9,113756.5,113766.1,7.0078605
2025-08-03 10:30:00,113766.0,113822.5,113729.0,113812.1,15.26949331
2025-08-03 10:45:00,113812.1,113899.4,113812.1,113899.4,15.19702407
2025-08-03 11:00:00,113899.4,114248.9,113899.4,114234.7,25.42380849
2025-08-03 11:15:00,114234.7,114234.7,113999.9,114005.0,16.32082588
2025-08-03 11:30:00,114005.0,114022.4,113901.8,113954.9,12.86059415
2025-08-03 11:45:00,113954.9,114052.1,113871.2,113871.2,12.38067478
2025-08-03 12:00:00,113871.3,113871.3,113712.0,113752.6,14.53824464
2025-08-03 12:15:00,113752.0,113794.9,113661.6,113794.9,11.98679927
2025-08-03 12:30:00,113794.8,114012.0,113785.2,114012.0,14.54282577
2025-08-03 12:45:00,114012.0,114097.6,113971.4,114018.1,19.42998038
2025-08-03 13:00:00,114018.1,114089.9,113943.0,114066.0,15.40588741
2025-08-03 13:15:00,114065.9,114069.2,113814.1,113851.0,16.38568216
2025-08-03 13:30:00,113851.0,113979.7,113851.0,113899.9,7.9532739
2025-08-03 13:45:00,113899.1,113942.7,113829.0,113939.1,12.17966057
2025-08-03 14:00:00,113940.6,114064.8,113785.0,113826.0,34.56450624
2025-08-03 14:15:00,113826.0,113873.9,113588.0,113641.3,33.46846943
2025-08-03 14:30:00,113641.2,113844.1,113617.0,113824.1,12.00295886
2025-08-03 14:45:00,113824.0,113824.0,113731.0,113798.2,8.06060279
2025-08-03 15:00:00,113795.0,113795.1,113684.0,113761.0,16.46732853
2025-08-03 15:15:00,113762.0,113873.0,113762.0,113840.0,10.48201688
2025-08-03 15:30:00,113839.9,113948.0,113687.0,113932.0,17.97511232
2025-08-03 15:45:00,113932.0,113958.3,113895.0,113945.9,10.44629658
2025-08-03 16:00:00,113946.0,113946.0,113774.9,113780.0,12.04398578
2025-08-03 16:15:00,113780.0,113874.0,113779.9,113874.0,5.83660049
2025-08-03 16:30:00,113874.0,113973.0,113873.9,113954.9,9.24606201
2025-08-03 16:45:00,113956.0,114020.0,113912.7,113990.9,25.83159559
2025-08-03 17:00:00,113990.9,114163.5,113990.8,114123.8,21.78017375
2025-08-03 17:15:00,114124.0,114150.0,114019.6,114030.1,13.75684532
2025-08-03 17:30:00,114030.1,114099.0,113967.0,113967.0,10.99210567
2025-08-03 17:45:00,113967.0,114103.0,113967.0,114102.9,11.04821192
2025-08-03 18:00:00,114103.0,114119.3,114064.0,114119.2,6.09603786
2025-08-03 18:15:00,114119.3,114455.0,114084.0,114302.0,23.97925667
2025-08-03 18:30:00,114301.2,114370.0,114132.9,114344.8,13.99885709
2025-08-03 18:45:00,114344.9,114419.0,114312.5,114372.8,23.38862081
2025-08-03 19:00:00,114373.0,114478.0,114300.6,114388.8,23.28536741
2025-08-03 19:15:00,114388.8,114632.6,114388.8,114522.8,35.60425221
2025-08-03 19:30:00,114522.8,114776.5,114427.0,114427.0,30.77543626
2025-08-03 19:45:00,114426.1,114467.9,114263.9,114297.0,25.90139208
2025-08-03 20:00:00,114297.0,114303.0,114190.0,114235.0,16.60317352
2025-08-03 20:15:00,114235.9,114238.7,114171.9,114211.0,7.28053918
2025-08-03 20:30:00,114211.0,114406.6,114173.1,114396.9,18.21133292
2025-08-03 20:45:00,114396.9,114454.0,114375.9,114427.1,11.19612847
2025-08-03 21:00:00,114427.1,114519.1,114390.7,114519.1,11.66294111
2025-08-03 21:15:00,114519.2,114522.9,114441.3,114474.1,11.87476628
2025-08-03 21:30:00,114474.1,114498.0,114365.4,114365.4,10.97300977
2025-08-03 21:45:00,114365.4,114471.5,114364.2,114439.8,9.63383414
2025-08-03 22:00:00,114439.8,114611.5,114212.2,114229.0,31.86688611
2025-08-03 22:15:00,114228.9,114232.3,114065.0,114105.9,19.9546706
2025-08-03 22:30:00,114105.9,114263.0,114105.8,114263.0,17.88470236
2025-08-03 22:45:00,114262.9,114365.0,114247.9,114314.0,16.74179477
2025-08-03 23:00:00,114313.9,114398.9,114272.0,114387.0,16.20095399
2025-08-03 23:15:00,114388.0,114487.9,114271.4,114271.4,21.63581666
2025-08-03 23:30:00,114271.5,114287.0,114212.6,114224.9,13.08060206
2025-08-03 23:45:00,114224.9,114224.9,114176.9,114204.1,10.64849763
2025-08-04 00:00:00,114204.1,114330.9,114109.2,114152.9,31.3915404
2025-08-04 00:15:00,114152.8,114400.0,114122.6,114360.0,24.93567224
2025-08-04 00:30:00,114360.1,114590.2,114291.4,114590.1,33.64202837
2025-08-04 00:45:00,114590.2,114917.9,114590.1,114894.7,69.45298991
2025-08-04 01:00:00,114896.1,114999.9,114660.1,114757.7,69.65248341
2025-08-04 01:15:00,114757.7,114920.3,114620.0,114823.6,53.08081522
2025-08-04 01:30:00,114823.7,114934.9,114715.9,114729.0,38.21328387
2025-08-04 01:45:00,114729.0,114783.1,114645.0,114672.1,21.60664749
2025-08-04 02:00:00,114672.1,114733.6,114420.0,114469.0,31.12380991
2025-08-04 02:15:00,114469.0,114757.9,114461.1,114713.1,22.0387861
2025-08-04 02:30:00,114713.1,114877.8,114575.8,114584.1,37.61078543
2025-08-04 02:45:00,114584.0,114798.0,114569.1,114798.0,32.35885403
2025-08-04 03:00:00,114799.8,114811.0,114705.8,114722.1,25.33867785
2025-08-04 03:15:00,114720.0,114763.3,114682.3,114695.5,7.64490641
2025-08-04 03:30:00,114695.5,114695.5,114539.2,114654.4,24.36481289
2025-08-04 03:45:00,114654.5,114659.7,114582.9,114589.0,4.976907
2025-08-04 04:00:00,114588.9,114650.6,114588.9,114622.6,22.21778255
2025-08-04 04:15:00,114622.6,114622.6,114521.0,114604.2,9.83955651
2025-08-04 04:30:00,114604.2,114604.2,114388.1,114388.1,17.58153459
2025-08-04 04:45:00,114388.1,114432.0,114358.0,114385.0,18.23351683
2025-08-04 05:00:00,114385.0,114409.9,114296.4,114336.3,9.82962726
2025-08-04 05:15:00,114336.2,114336.2,114238.1,114238.1,17.60969138
2025-08-04 05:30:00,114238.0,114298.9,114195.4,114234.5,10.06341723
2025-08-04 05:45:00,114234.4,114419.9,114230.7,114404.1,11.38745594
2025-08-04 06:00:00,114404.1,114443.5,114266.4,114266.4,10.29186021
2025-08-04 06:15:00,114266.5,114318.0,114169.0,114256.2,12.88471877
2025-08-04 06:30:00,114256.2,114447.6,114197.1,114402.1,17.44694481
2025-08-04 06:45:00,114402.0,114481.0,114311.1,114429.9,13.32700075
2025-08-04 07:00:00,114429.9,114546.0,114418.2,114543.0,20.07568814
2025-08-04 07:15:00,114542.9,114547.0,114497.8,114511.5,5.40008159
2025-08-04 07:30:00,114511.4,114689.1,114511.4,114687.9,10.67527734
2025-08-04 07:45:00,114687.8,114782.6,114673.2,114673.3,13.0232205
2025-08-04 08:00:00,114673.3,114764.3,114617.6,114649.7,17.14561608
2025-08-04 08:15:00,114649.8,114758.0,114479.2,114481.1,19.61477398
2025-08-04 08:30:00,114481.0,114622.0,114365.7,114568.1,15.05043503
2025-08-04 08:45:00,114568.1,114592.0,114468.7,114546.0,15.13150404
2025-08-04 09:00:00,114546.0,114635.0,114546.0,114589.1,11.51144601
2025-08-04 09:15:00,114589.0,114755.8,114469.8,114631.0,23.08842137
2025-08-04 09:30:00,114631.1,114698.2,114506.7,114506.7,15.70983475
2025-08-04 09:45:00,114506.8,114506.8,114312.0,114323.7,10.67157082
2025-08-04 10:00:00,114327.0,114448.0,114299.9,114448.0,13.75580935
2025-08-04 10:15:00,114448.0,114510.9,114351.1,114351.1,18.80506607
2025-08-04 10:30:00,114353.5,114446.7,114341.7,114357.1,11.09779634
2025-08-04 10:45:00,114357.1,114372.0,114241.0,114256.2,8.736649
2025-08-04 11:00:00,114256.2,114365.7,114220.1,114330.4,6.7339882
2025-08-04 11:15:00,114330.3,114367.0,114241.0,114367.0,9.15753144
2025-08-04 11:30:00,114366.9,114435.1,114338.8,114423.6,9.82423527
2025-08-04 11:45:00,114423.0,114517.7,114374.9,114493.0,16.64577898
2025-08-04 12:00:00,114493.0,114546.7,114457.0,114498.1,16.30273666
2025-08-04 12:15:00,114498.1,114506.9,114383.9,114426.7,18.93124629
2025-08-04 12:30:00,114426.7,114443.0,114338.0,114379.2,11.55152881
2025-08-04 12:45:00,114379.3,114446.8,114322.5,114446.8,11.01020188
2025-08-04 13:00:00,114446.8,114498.9,114336.0,114402.9,16.75648409
2025-08-04 13:15:00,114402.9,114452.0,114200.0,114207.8,16.79891792
2025-08-04 13:30:00,114205.8,114795.4,114121.1,114791.0,51.81766867
2025-08-04 13:45:00,114794.8,114941.0,114557.0,114913.5,46.54139397
2025-08-04 14:00:00,114913.6,115465.7,114913.6,115242.2,74.11822573
2025-08-04 14:15:00,115242.1,115414.8,115174.9,115414.8,38.55928796
2025-08-04 14:30:00,115414.8,115464.5,114978.0,115005.3,35.37149722
2025-08-04 14:45:00,115005.2,115156.0,114653.7,114731.1,58.08804826
2025-08-04 15:00:00,114744.1,115021.5,114677.0,114985.7,22.22659115
2025-08-04 15:15:00,114985.7,115020.9,114787.7,114787.7,20.04430549
2025-08-04 15:30:00,114783.3,114913.9,114565.5,114719.0,50.39386248
2025-08-04 15:45:00,114720.0,114870.9,114604.0,114825.4,25.37481981
2025-08-04 16:00:00,114826.0,115193.5,114825.9,115011.0,43.00163420135
2025-08-04 16:15:00,115011.0,115141.7,114912.0,114912.0,53.65929746
2025-08-04 16:30:00,114911.0,115163.0,114906.0,115061.3,65.59653332
2025-08-04 16:45:00,115061.2,115407.0,115061.2,115300.9,106.20476438
2025-08-04 17:00:00,115303.1,115690.0,115251.1,115689.9,90.93437444
2025-08-04 17:15:00,115690.3,115717.7,115430.0,115503.6,65.08038667
2025-08-04 17:30:00,115508.4,115525.7,115209.8,115233.5,97.61645241
2025-08-04 17:45:00,115233.5,115286.7,115141.6,115185.8,46.17990657
2025-08-04 18:00:00,115185.8,115256.2,115067.2,115071.8,21.75971564
2025-08-04 18:15:00,115071.8,115306.8,115043.6,115275.6,29.78660923
2025-08-04 18:30:00,115274.0,115274.1,115051.5,115058.4,26.52011869
2025-08-04 18:45:00,115058.5,115105.4,114914.1,114957.5,16.35068254
2025-08-04 19:00:00,114951.5,115059.1,114879.4,114966.8,17.06770051
2025-08-04 19:15:00,114966.9,115121.7,114887.0,114899.0,24.91572056
2025-08-04 19:30:00,114899.9,114928.8,114770.0,114794.6,21.33551158
2025-08-04 19:45:00,114794.6,114825.6,114734.1,114765.8,16.95955057
2025-08-04 20:00:00,114765.7,114860.0,114624.3,114685.0,27.4427885
2025-08-04 20:15:00,114684.9,114822.9,114641.0,114727.9,22.61427109
2025-08-04 20:30:00,114727.9,115069.6,114727.9,115030.4,22.38511422
2025-08-04 20:45:00,115030.5,115030.5,114814.0,114814.0,16.30329181
2025-08-04 21:00:00,114813.0,115027.7,114812.1,115027.6,14.70634489
2025-08-04 21:15:00,115027.6,115150.7,114928.1,114995.4,15.25350597
2025-08-04 21:30:00,114995.4,115242.6,114970.9,115242.6,15.87523797
2025-08-04 21:45:00,115244.0,115247.0,115079.0,115083.7,17.87346767
2025-08-04 22:00:00,115098.8,115232.5,115097.2,115232.5,22.27220722
2025-08-04 22:15:00,115232.5,115296.6,115088.0,115088.0,17.64003491
2025-08-04 22:30:00,115088.0,115252.1,115088.0,115164.0,11.346282
2025-08-04 22:45:00,115164.8,115320.2,115144.7,115320.2,24.13318039
2025-08-04 23:00:00,115320.3,115334.2,115270.8,115329.7,19.41439793
2025-08-04 23:15:00,115329.6,115329.7,115248.0,115300.0,19.89555213
2025-08-04 23:30:00,115299.9,115299.9,115203.6,115222.9,13.39286058
2025-08-04 23:45:00,115222.9,115222.9,115045.9,115055.8,29.03483628
2025-08-05 00:00:00,115055.8,115102.7,114938.2,115018.8,49.31233023
2025-08-05 00:15:00,115018.7,115018.7,114863.0,114892.2,37.56763716
2025-08-05 00:30:00,114892.3,115109.1,114886.3,114900.8,27.09792413
2025-08-05 00:45:00,114899.7,114988.0,114828.7,114878.4,48.35258582
2025-08-05 01:00:00,114878.4,115042.6,114852.2,114968.8,55.21682162
2025-08-05 01:15:00,114965.6,114965.6,114800.0,114887.6,34.72119079
2025-08-05 01:30:00,114886.4,114892.0,114744.4,114892.0,42.14222486
2025-08-05 01:45:00,114892.0,114918.1,114700.2,114701.0,44.66648723
2025-08-05 02:00:00,114705.0,114814.0,114652.4,114657.9,60.76007096
2025-08-05 02:15:00,114658.0,114720.9,114618.7,114618.7,32.91431035
2025-08-05 02:30:00,114618.8,114684.0,114618.8,114627.6,17.67967009
2025-08-05 02:45:00,114627.5,114821.4,114627.5,114708.0,10.58323436
2025-08-05 03:00:00,114709.0,114732.0,114410.5,114462.9,33.42043073
2025-08-05 03:15:00,114462.9,114481.6,114285.8,114326.4,45.45637425
2025-08-05 03:30:00,114332.7,114398.8,114273.9,114319.1,41.3235848
2025-08-05 03:45:00,114317.1,114348.7,114258.7,114258.8,16.74648376
2025-08-05 04:00:00,114258.8,114417.0,114217.0,114403.3,28.57847183
2025-08-05 04:15:00,114403.3,114403.4,114208.6,114254.3,38.20213258
2025-08-05 04:30:00,114249.5,114285.5,114176.1,114260.1,22.90876889
2025-08-05 04:45:00,114260.1,114381.6,114260.1,114339.3,10.68479583
2025-08-05 05:00:00,114339.3,114486.6,114311.9,114431.9,12.32803097
2025-08-05 05:15:00,114432.0,114437.0,114350.3,114397.2,6.81461049
2025-08-05 05:30:00,114397.2,114453.5,114245.6,114245.7,39.13378533
2025-08-05 05:45:00,114245.7,114433.5,114245.6,114409.0,17.37449464
2025-08-05 06:00:00,114409.1,114471.8,114380.0,114433.4,12.69510175
2025-08-05 06:15:00,114433.4,114501.2,114428.0,114493.5,23.16796102
2025-08-05 06:30:00,114493.5,114493.6,114306.0,114320.8,14.42195249
2025-08-05 06:45:00,114320.9,114320.9,114115.7,114183.9,13.01214671
2025-08-05 07:00:00,114183.9,114296.4,114137.2,114290.7,14.63100811
2025-08-05 07:15:00,114290.6,114392.7,114221.1,114221.1,10.62447909
2025-08-05 07:30:00,114208.7,114251.3,113724.0,114067.1,30.89651259
2025-08-05 07:45:00,114067.1,114214.3,113940.6,113974.7,15.33886389
2025-08-05 08:00:00,113964.2,114129.7,113929.6,114004.7,21.26309293
2025-08-05 08:15:00,114004.8,114366.0,114004.8,114365.9,28.19167148
2025-08-05 08:30:00,114366.1,114530.4,114260.4,114308.9,39.10665407
2025-08-05 08:45:00,114309.0,114329.9,114221.6,114274.8,13.12038973
2025-08-05 09:00:00,114274.9,114466.4,114274.9,114466.4,10.85075428
2025-08-05 09:15:00,114466.4,114574.6,114408.0,114574.5,12.39495214
2025-08-05 09:30:00,114574.5,114776.2,114523.0,114709.0,25.03912439
2025-08-05 09:45:00,114709.0,114779.1,114610.0,114674.9,14.74971317
2025-08-05 10:00:00,114675.0,114833.7,114585.6,114619.0,14.44813029
2025-08-05 10:15:00,114619.9,115087.1,114619.9,114960.7,35.05886447
2025-08-05 10:30:00,114960.7,115082.4,114865.5,114965.3,41.03957189
2025-08-05 10:45:00,114972.0,114972.0,114827.3,114836.0,19.20280167
2025-08-05 11:00:00,114836.0,114848.9,114745.0,114779.9,30.68679548
2025-08-05 11:15:00,114780.0,114904.0,114777.6,114895.5,23.84305897
2025-08-05 11:30:00,114895.7,114966.5,114770.4,114935.9,11.89154885
2025-08-05 11:45:00,114935.8,114935.8,114758.9,114827.6,13.15012024
2025-08-05 12:00:00,114827.7,114893.0,114760.1,114892.9,35.24153892
2025-08-05 12:15:00,114892.9,114893.0,114373.1,114528.0,26.91733651
2025-08-05 12:30:00,114528.0,114528.0,113492.0,113883.6,41.0099398
2025-08-05 12:45:00,113883.7,114096.8,113861.0,113932.8,37.08659929
2025-08-05 13:00:00,113932.8,114113.0,113867.9,114023.8,50.82803717
2025-08-05 13:15:00,114027.7,114209.5,114023.2,114157.4,29.68876716
2025-08-05 13:30:00,114157.4,114449.6,114050.8,114283.7,39.68780811
2025-08-05 13:45:00,114286.0,114566.0,114286.0,114366.7,30.01419548
2025-08-05 14:00:00,114366.7,114382.2,113703.9,113864.7,28.85370579
2025-08-05 14:15:00,113864.7,113893.4,113140.4,113260.7,84.5725723
2025-08-05 14:30:00,113248.6,113248.6,113164.2,113186.2,0.36824406
2025-08-05 14:45:00,112775.2,112920.4,112653.8,112743.6,23.3901253
2025-08-05 15:00:00,113032.7,113239.6,112684.3,113184.2,24.05115211
2025-08-05 15:15:00,113184.1,113216.0,112844.3,112940.0,18.25575768
2025-08-05 15:30:00,112961.6,113082.2,112710.2,112787.4,66.07637145
2025-08-05 15:45:00,112787.3,112886.3,112740.8,112747.8,8.20442857
2025-08-05 16:00:00,112933.9,113145.4,112836.7,113121.1,46.43699444
2025-08-05 16:15:00,113121.1,113201.7,113022.3,113136.6,50.74448418
2025-08-05 16:30:00,113202.2,113352.8,112815.7,113038.3,44.87679195
2025-08-05 16:45:00,113041.6,113051.9,112867.3,112867.3,4.13665269
2025-08-05 17:00:00,113181.1,113250.0,113094.8,113243.4,34.24405961
2025-08-05 17:15:00,113243.4,113285.9,113200.0,113285.9,20.56256696
2025-08-05 17:30:00,113387.1,113517.6,113306.6,113339.7,32.75038514
2025-08-05 17:45:00,113339.2,113339.2,113256.6,113288.8,20.78667486
2025-08-05 18:00:00,113635.5,113653.2,113503.1,113505.7,38.08542578
2025-08-05 18:15:00,113501.9,113596.3,113380.5,113433.1,45.89612909
2025-08-05 18:30:00,113433.0,113511.3,113364.5,113429.4,17.14109989
2025-08-05 18:45:00,113379.7,113642.3,113269.8,113640.4,44.82663547
2025-08-05 19:00:00,113640.5,113756.3,113640.5,113756.2,15.97618991
2025-08-05 19:15:00,113606.2,113702.0,113556.1,113600.6,18.4093048
2025-08-05 19:30:00,113600.6,113659.3,113597.1,113625.8,2.47467144
2025-08-05 19:45:00,113605.0,113648.4,113394.9,113467.7,73.80456834
2025-08-05 20:00:00,113611.0,113814.9,113611.0,113809.5,40.94177667
2025-08-05 20:15:00,113809.6,113921.9,113792.8,113872.2,11.0328492
2025-08-05 20:30:00,113984.7,113986.2,113621.0,113656.2,65.9067511
2025-08-05 20:45:00,113656.2,113672.6,113656.1,113672.6,0.82505888
2025-08-05 21:00:00,113687.4,113855.1,113655.5,113662.9,19.84816775
2025-08-05 21:15:00,113662.9,113831.5,113620.5,113811.8,7.10429932
2025-08-05 21:30:00,113839.0,113839.1,113702.3,113702.3,4.60418589
2025-08-05 21:45:00,113685.9,113685.9,113563.1,113599.2,2.81152398
2025-08-05 22:00:00,113589.6,113792.0,113279.0,113768.3,34.67947392
2025-08-05 22:15:00,113768.4,113842.8,113726.1,113797.2,9.14193721
2025-08-05 22:30:00,113866.8,113928.1,113849.9,113928.1,12.37751595
2025-08-05 22:45:00,113928.8,113984.8,113928.8,113980.9,2.14414973
2025-08-05 23:00:00,113952.0,114073.6,113915.7,114073.5,9.82481586
2025-08-05 23:15:00,114074.0,114132.0,114051.8,114068.5,10.59778832
2025-08-05 23:30:00,114050.3,114217.7,114040.4,114171.0,8.84119218
2025-08-05 23:45:00,114167.7,114178.5,114126.7,114126.8,6.70298939
2025-08-06 00:00:00,114129.7,114132.8,113960.8,114049.1,11.22448766
2025-08-06 00:15:00,114047.5,114047.5,113922.6,113922.7,13.60673793
2025-08-06 00:30:00,113941.6,114020.3,113749.0,113927.9,36.9942414
2025-08-06 00:45:00,113927.8,113927.9,113747.7,113869.5,76.89269236
2025-08-06 01:00:00,113869.5,113930.8,113775.1,113840.8,59.44984167
2025-08-06 01:15:00,113840.8,113883.9,113588.0,113590.8,59.79500577
2025-08-06 01:30:00,113590.9,113874.1,113587.3,113792.8,18.40195852
2025-08-06 01:45:00,113791.7,113880.2,113673.8,113832.1,8.3899447
2025-08-06 02:00:00,113820.6,113825.3,113623.3,113636.3,4.62072048
2025-08-06 02:15:00,113625.5,113734.4,113622.7,113670.2,5.80529659
2025-08-06 02:30:00,113670.3,113727.1,113542.8,113671.5,6.63861362
2025-08-06 02:45:00,113670.4,113685.5,113567.0,113617.5,5.02223367
2025-08-06 03:00:00,113617.5,113648.8,113495.0,113619.1,6.69135294
2025-08-06 03:15:00,113619.1,113619.1,113401.4,113425.0,9.0044838
2025-08-06 03:30:00,113426.0,113532.0,113426.0,113531.9,6.50711203
2025-08-06 03:45:00,113531.9,113607.0,113531.9,113606.9,5.55971941
2025-08-06 04:00:00,113521.0,113576.1,113387.9,113388.0,10.5809094
2025-08-06 04:15:00,113389.1,113491.9,113385.5,113465.0,8.51642214
2025-08-06 04:30:00,113464.1,113465.2,113355.0,113408.8,3.70497955
2025-08-06 04:45:00,113408.0,113440.3,113381.2,113436.1,2.01737669
2025-08-06 05:00:00,113425.2,113958.8,113381.2,113933.8,33.45924243
2025-08-06 05:15:00,113933.8,114133.9,113809.8,113918.0,33.29926494
2025-08-06 05:30:00,113918.0,113965.7,113917.9,113938.0,1.37016354
2025-08-06 05:45:00,114239.0,114306.0,114115.4,114139.3,31.62741535
2025-08-06 06:00:00,114150.3,114176.2,113942.0,113994.7,28.63618445
2025-08-06 06:15:00,113994.7,114095.6,113935.1,113985.9,10.82334093
2025-08-06 06:30:00,113986.0,114134.9,113938.0,114059.9,13.18927972
2025-08-06 06:45:00,114060.0,114190.6,114031.7,114081.5,23.82021013
2025-08-06 07:00:00,114081.5,114287.2,114020.5,114252.0,20.14676283
2025-08-06 07:15:00,114249.9,114284.4,114197.9,114240.0,5.80660715
2025-08-06 07:30:00,114294.0,114294.0,114110.3,114177.9,22.10636043
2025-08-06 07:45:00,114177.9,114194.1,114156.4,114193.8,2.29410435
2025-08-06 08:00:00,114227.1,114252.0,114033.4,114061.9,12.91917759
2025-08-06 08:15:00,114061.9,114128.2,114000.1,114069.3,5.95087897
2025-08-06 08:30:00,114061.0,114061.0,113954.4,113962.8,1.54864024
2025-08-06 08:45:00,113769.1,113962.0,113727.4,113948.8,15.81821329
2025-08-06 09:00:00,113948.9,113957.7,113935.6,113957.6,1.45055643
2025-08-06 09:15:00,114177.9,114374.4,114098.2,114098.2,24.2167036
2025-08-06 09:30:00,114098.2,114108.1,113950.6,113950.7,10.3793772
2025-08-06 09:45:00,113971.9,114145.6,113971.9,114079.1,10.036077
2025-08-06 10:00:00,114087.5,114219.3,114047.2,114117.7,9.14381977
2025-08-06 10:15:00,114117.7,114217.9,113874.1,113957.4,42.06592142
2025-08-06 10:30:00,113957.4,114022.2,113931.0,113996.8,3.88876931
2025-08-06 10:45:00,114109.8,114121.8,114025.2,114034.6,6.78487795
2025-08-06 11:00:00,114059.3,114128.6,113994.9,114118.7,16.71991166
2025-08-06 11:15:00,114118.7,114227.1,114118.7,114207.0,30.83426894
2025-08-06 11:30:00,114232.9,114399.6,114232.9,114283.0,48.49960441
2025-08-06 11:45:00,114299.9,114299.9,114170.0,114170.0,20.11743399
2025-08-06 12:00:00,114221.0,114326.3,113917.0,113941.0,39.12965305
2025-08-06 12:15:00,113940.9,114188.3,113809.7,114059.2,14.29379339
2025-08-06 12:30:00,114059.3,114250.9,114054.0,114057.9,16.36174131
2025-08-06 12:45:00,114057.9,114090.5,113918.0,113944.0,9.40189245
2025-08-06 13:00:00,113907.0,114018.3,113822.9,113888.0,13.02149937
2025-08-06 13:15:00,113887.9,113950.0,113834.3,113901.0,17.79964177
2025-08-06 13:30:00,113901.0,114206.7,113580.1,114070.2,48.23699472
2025-08-06 13:45:00,114162.0,114390.8,113900.0,114269.0,27.4803121
2025-08-06 14:00:00,114269.0,114489.4,114236.0,114332.0,19.34745158
2025-08-06 14:15:00,114251.4,114338.2,113865.7,114083.2,29.44084721
2025-08-06 14:30:00,114087.1,114362.7,114016.7,114316.0,17.59250795
2025-08-06 14:45:00,114296.5,114320.0,114296.5,114319.9,0.43037208
2025-08-06 15:00:00,115189.4,115298.8,114872.0,114877.6,72.81719099
2025-08-06 15:15:00,115033.6,115076.2,114866.9,114866.9,31.81076872
2025-08-06 15:30:00,114932.6,115341.9,114932.6,115209.7,27.48456493
2025-08-06 15:45:00,115209.3,115236.5,115155.3,115185.7,4.03597174
2025-08-06 16:00:00,115411.7,115476.4,115143.0,115201.8,53.59439349
2025-08-06 16:15:00,115204.1,115266.5,115049.9,115132.0,10.07152696
2025-08-06 16:30:00,115132.0,115135.8,115119.0,115135.7,0.2960491
2025-08-06 16:45:00,114947.4,115155.4,114930.5,115122.9,15.97821318
2025-08-06 17:00:00,115122.9,115179.0,115122.9,115174.2,1.03888096
2025-08-06 17:15:00,115152.5,115360.0,115152.5,115360.0,11.45398666
2025-08-06 17:30:00,115360.0,115368.6,115232.7,115368.6,11.43270187
2025-08-06 17:45:00,115461.6,115511.8,115390.1,115433.9,34.69446252
2025-08-06 18:00:00,115499.2,115690.0,115499.2,115689.9,20.27462158
2025-08-06 18:15:00,115690.0,115698.3,115426.3,115426.3,53.93937195
2025-08-06 18:30:00,115417.7,115570.4,115283.4,115316.3,32.94703504
2025-08-06 18:45:00,115316.3,115478.3,115310.3,115422.4,10.32773087
2025-08-06 19:00:00,115422.4,115512.5,115332.5,115409.6,11.78572834
2025-08-06 19:15:00,115409.6,115474.5,115388.0,115406.0,7.33082683
2025-08-06 19:30:00,115405.9,115405.9,115265.6,115265.7,4.90276354
2025-08-06 19:45:00,115265.7,115288.4,115122.9,115250.9,9.14631755
2025-08-06 20:00:00,115250.9,115260.1,115152.5,115219.0,5.57270033
2025-08-06 20:15:00,115219.0,115219.1,115182.7,115182.7,1.36468283
2025-08-06 20:30:00,115182.6,115182.7,115000.0,115052.5,9.42478828
2025-08-06 20:45:00,115052.4,115099.7,115029.8,115051.1,3.9357587
2025-08-06 21:00:00,115046.2,115218.9,115030.1,115218.9,6.13997184
2025-08-06 21:15:00,115218.9,115220.1,115135.2,115135.2,4.31141912
2025-08-06 21:30:00,115135.3,115135.3,114787.7,114893.9,7.78085225
2025-08-06 21:45:00,114893.8,115047.9,114893.8,115047.9,4.67423814
2025-08-06 22:00:00,115050.1,115210.3,115050.1,115144.2,10.3359517
2025-08-06 22:15:00,115152.2,115167.2,115036.2,115100.2,5.78137588
2025-08-06 22:30:00,115100.3,115165.0,115040.5,115053.6,4.98780225
2025-08-06 22:45:00,115053.6,115161.4,115053.5,115106.5,3.51080758
2025-08-06 23:00:00,115106.5,115109.7,115032.6,115059.0,4.56755855
2025-08-06 23:15:00,115059.0,115074.5,114974.2,114999.7,2.38203156
2025-08-06 23:30:00,114999.7,115028.9,114971.7,114973.1,3.72539982
2025-08-06 23:45:00,114973.1,115017.6,114971.7,114979.7,3.2043488
2025-08-07 00:00:00,114979.7,114979.7,114898.5,114932.6,4.12632131
2025-08-07 00:15:00,114932.7,114932.7,114860.6,114929.2,6.93235492
2025-08-07 00:30:00,114929.2,115005.6,114911.7,114911.7,10.47871872
2025-08-07 00:45:00,114911.7,114911.8,114854.4,114880.8,7.51609053
2025-08-07 01:00:00,114880.9,114922.3,114869.5,114922.2,7.09844593
2025-08-07 01:15:00,114922.2,115179.2,114917.7,115151.0,19.27839996
2025-08-07 01:30:00,115150.9,115181.2,115014.4,115017.8,9.56835137
2025-08-07 01:45:00,115017.8,115017.8,114578.1,114748.9,14.01618222
2025-08-07 02:00:00,114749.0,114827.8,114651.0,114819.0,14.02346556
2025-08-07 02:15:00,114819.9,114847.1,114767.0,114784.7,13.34606852
2025-08-07 02:30:00,114784.4,114784.4,114590.6,114590.6,8.2299786
2025-08-07 02:45:00,114590.5,114602.0,114400.4,114566.0,14.32673243
2025-08-07 03:00:00,114565.0,114565.0,114450.8,114450.8,5.66864925
2025-08-07 03:15:00,114450.8,114504.0,114401.4,114498.7,10.60253468
2025-08-07 03:30:00,114498.6,114570.9,114498.6,114570.9,5.91938517
2025-08-07 03:45:00,114570.9,114611.0,114549.9,114549.9,6.15778205
2025-08-07 04:00:00,114549.9,114646.0,114508.6,114584.0,4.83302015
2025-08-07 04:15:00,114583.0,114604.0,114551.2,114551.2,4.17285151
2025-08-07 04:30:00,114551.1,114551.1,114400.1,114435.0,5.4278191
2025-08-07 04:45:00,114434.9,114435.0,114262.3,114350.7,8.33105473
2025-08-07 05:00:00,114350.7,114350.7,114280.7,114342.1,7.07860012
2025-08-07 05:15:00,114342.2,114521.0,114342.2,114463.2,9.60899735
2025-08-07 05:30:00,114463.1,114526.0,114463.1,114522.0,4.4853336
2025-08-07 05:45:00,114522.8,114560.0,114462.4,114560.0,18.23496428
2025-08-07 06:00:00,114560.0,114709.0,114547.0,114677.9,53.89631031
2025-08-07 06:15:00,114677.8,114677.8,114568.5,114568.5,56.72917015
2025-08-07 06:30:00,114568.6,114575.0,114506.3,114566.5,20.88688462
2025-08-07 06:45:00,114566.6,114776.9,114566.6,114650.8,51.86519777
2025-08-07 07:00:00,114650.7,114775.0,114644.0,114774.9,36.41761218
2025-08-07 07:15:00,114774.9,114861.0,114760.7,114821.0,48.62997292
2025-08-07 07:30:00,114820.9,114840.9,114742.7,114742.8,27.8774475
2025-08-07 07:45:00,114742.7,114800.1,114742.7,114786.0,9.72253964
2025-08-07 08:00:00,114786.0,115006.3,114785.9,114948.8,48.66051685
2025-08-07 08:15:00,114943.9,115175.8,114932.5,115146.9,27.99704207
2025-08-07 08:30:00,115146.9,115146.9,114998.6,115039.1,12.4668704
2025-08-07 08:45:00,115039.1,115048.8,114948.6,114948.7,16.1863485
2025-08-07 09:00:00,114948.6,115029.8,114878.7,114908.9,18.92519272
2025-08-07 09:15:00,114909.0,115019.3,114845.2,115019.2,26.18489823
2025-08-07 09:30:00,115019.2,115021.3,114894.5,114995.3,23.35027899
2025-08-07 09:45:00,114995.3,115071.8,114979.9,115064.2,33.96066718
2025-08-07 10:00:00,115064.2,115561.2,115042.8,115498.4,26.7067671
2025-08-07 10:15:00,115498.4,115855.3,115471.6,115849.3,28.18792381
2025-08-07 10:30:00,115853.4,116368.2,115853.4,116367.1,47.14489153
2025-08-07 10:45:00,116367.2,116400.0,116234.3,116334.7,24.04624824
2025-08-07 11:00:00,116334.8,116466.8,116334.8,116466.6,26.27670502
2025-08-07 11:15:00,116466.6,116792.0,116415.8,116792.0,39.33043547
2025-08-07 11:30:00,116792.0,116800.0,116521.1,116633.3,44.7937251
2025-08-07 11:45:00,116633.3,116785.9,116497.1,116501.7,16.98180617
2025-08-07 12:00:00,116501.7,116565.0,116232.0,116263.0,25.6825339
2025-08-07 12:15:00,116262.9,116422.0,116241.8,116384.9,21.21029406
2025-08-07 12:30:00,116384.9,116454.0,116219.0,116228.6,23.65081079
2025-08-07 12:45:00,116230.5,116388.0,116023.9,116387.8,23.41561055
2025-08-07 13:00:00,116387.9,116411.5,116235.9,116242.3,11.49564265
2025-08-07 13:15:00,116242.3,116419.9,116195.2,116382.4,13.313546
2025-08-07 13:30:00,116386.5,116780.0,116311.9,116598.0,34.74929846
2025-08-07 13:45:00,116599.0,116686.9,116415.0,116630.0,41.03831566
2025-08-07 14:00:00,116631.0,116665.0,116228.5,116251.5,58.05281408
2025-08-07 14:15:00,116263.0,116468.0,116263.0,116350.0,66.50707518
2025-08-07 14:30:00,116349.9,116644.9,116203.1,116434.7,19.67320989
2025-08-07 14:45:00,116434.7,116487.0,116256.8,116350.0,23.03983835
2025-08-07 15:00:00,116351.0,116479.8,116235.0,116394.6,16.70524218
2025-08-07 15:15:00,116394.5,116596.0,116350.0,116532.0,11.75499021
2025-08-07 15:30:00,116532.2,116735.8,116507.9,116735.7,10.59652409
2025-08-07 15:45:00,116735.8,116779.5,116581.1,116689.4,25.34445882
2025-08-07 16:00:00,116689.3,116713.6,116492.5,116628.2,62.15506619
2025-08-07 16:15:00,116628.1,116728.0,116542.0,116677.7,29.41485386
2025-08-07 16:30:00,116677.7,116698.2,116095.6,116095.6,11.86772821
2025-08-07 16:45:00,116095.7,116298.0,115625.9,116243.6,34.11378061
2025-08-07 17:00:00,116243.6,116455.2,116115.0,116386.4,20.53476663
2025-08-07 17:15:00,116386.3,116547.8,116352.0,116399.0,13.70962463
2025-08-07 17:30:00,116398.8,116478.6,116170.4,116384.8,26.22976427
2025-08-07 17:45:00,116384.8,116531.5,116353.0,116501.0,13.42478062
2025-08-07 18:00:00,116500.9,116533.0,116159.1,116207.3,12.10547635
2025-08-07 18:15:00,116207.2,116369.0,116144.0,116340.3,11.62831443
2025-08-07 18:30:00,116340.3,116359.9,116251.8,116266.0,8.763245
2025-08-07 18:45:00,116266.0,116569.2,116236.7,116560.9,15.42379994
2025-08-07 19:00:00,116561.0,116633.5,116485.0,116543.9,13.30412227
2025-08-07 19:15:00,116543.8,116698.1,116491.2,116692.7,11.92305411
2025-08-07 19:30:00,116692.8,117085.6,116677.9,117056.1,37.65086127
2025-08-07 19:45:00,117123.2,117513.5,117123.2,117270.6,28.10547514
2025-08-07 20:00:00,117460.7,117486.1,117276.5,117304.3,31.51338249
2025-08-07 20:15:00,117304.2,117460.3,117269.9,117379.9,31.60910116
2025-08-07 20:30:00,117411.6,117447.9,117322.9,117330.8,19.6850062
2025-08-07 20:45:00,117330.8,117330.8,117221.0,117259.0,12.09303591
2025-08-07 21:00:00,117176.9,117342.1,117176.9,117338.0,21.56053731
2025-08-07 21:15:00,117338.0,117345.0,117307.9,117324.0,10.38742401
2025-08-07 21:30:00,117306.0,117320.1,117000.0,117076.0,14.72220309
2025-08-07 21:45:00,117095.9,117298.9,117047.6,117175.4,13.08717161
2025-08-07 22:00:00,117093.6,117460.0,117078.0,117459.9,14.52066327
2025-08-07 22:15:00,117460.0,117460.0,117280.0,117425.0,6.10395413
2025-08-07 22:30:00,117493.0,117493.1,117317.4,117414.0,12.62626564
2025-08-07 22:45:00,117414.9,117580.0,117414.9,117580.0,33.04485803
2025-08-07 23:00:00,117558.6,117570.1,117371.0,117371.1,40.44962596
2025-08-07 23:15:00,117371.0,117384.6,117315.0,117320.9,10.25898591
2025-08-07 23:30:00,117319.4,117374.0,117290.9,117354.8,13.85511855
2025-08-07 23:45:00,117390.1,117461.5,117390.1,117458.7,6.68230379
2025-08-08 00:00:00,117458.7,117480.0,117292.0,117374.0,36.58524823
2025-08-08 00:15:00,117373.9,117373.9,116870.3,117130.2,74.18422758
2025-08-08 00:30:00,117131.4,117631.2,117028.0,117552.6,141.52063662
2025-08-08 00:45:00,117556.3,117592.0,117270.8,117270.8,43.70546724
2025-08-08 01:00:00,117270.9,117270.9,116864.0,117169.0,28.19274181
2025-08-08 01:15:00,117168.9,117168.9,116825.5,116927.8,22.8424296
2025-08-08 01:30:00,116922.1,116988.0,116839.1,116839.1,26.50155888
2025-08-08 01:45:00,116839.0,116909.0,116776.0,116879.3,32.31250325
2025-08-08 02:00:00,116879.3,116914.9,116781.9,116838.5,17.9009303
2025-08-08 02:15:00,116869.4,116874.5,116774.1,116774.2,7.35418333
2025-08-08 02:30:00,116774.1,116820.5,116700.4,116758.5,42.33209287
2025-08-08 02:45:00,116754.6,116892.7,116701.3,116701.4,28.54195492
2025-08-08 03:00:00,116701.4,116803.0,116698.0,116803.0,25.85045541
2025-08-08 03:15:00,116804.0,117000.6,116760.4,116929.1,83.22635315
2025-08-08 03:30:00,116929.1,116929.1,116747.1,116757.6,21.4911176
2025-08-08 03:45:00,116757.7,116757.7,116740.5,116742.8,1.3622202
2025-08-08 04:00:00,116748.3,116844.0,116676.3,116824.9,26.16619437
2025-08-08 04:15:00,116824.9,116870.0,116769.1,116782.6,24.74141654
2025-08-08 04:30:00,116782.7,116831.0,116756.7,116756.8,41.49035475
2025-08-08 04:45:00,116756.7,116766.3,116750.0,116750.0,1.76077617
2025-08-08 05:00:00,116756.9,116760.4,116623.0,116661.1,12.41374412
2025-08-08 05:15:00,116661.2,116701.0,116620.2,116658.2,6.28555121
2025-08-08 05:30:00,116658.1,116658.2,116658.1,116658.1,0.14279331
2025-08-08 05:45:00,116588.4,116588.4,116549.9,116550.0,5.39923454
2025-08-08 06:00:00,116530.7,116567.5,116401.5,116567.5,10.76935606
2025-08-08 06:15:00,116567.9,116667.0,116463.2,116636.6,23.22178899
2025-08-08 06:30:00,116637.2,116715.0,116585.1,116715.0,42.19179868
2025-08-08 06:45:00,116714.9,116715.0,116659.6,116659.7,7.93401814
2025-08-08 07:00:00,116749.9,116752.5,116561.1,116663.0,52.62402901
2025-08-08 07:15:00,116664.0,116916.1,116664.0,116910.5,14.26444831
2025-08-08 07:30:00,116974.9,116974.9,116835.1,116836.7,19.81378003
2025-08-08 07:45:00,116836.7,116895.0,116836.6,116894.9,1.66304386
2025-08-08 08:00:00,116828.0,116923.9,116743.0,116916.9,16.73044822
2025-08-08 08:15:00,116916.9,116916.9,116678.9,116679.1,16.42134402
2025-08-08 08:30:00,116679.0,116679.1,116588.9,116588.9,2.40041922
2025-08-08 08:45:00,116524.5,116641.6,116484.3,116629.0,12.07518574
2025-08-08 09:00:00,116629.1,116629.1,116572.8,116572.9,2.26016126
2025-08-08 09:15:00,116588.0,116628.8,116488.3,116529.2,7.68677429
2025-08-08 09:30:00,116530.9,116638.4,116530.9,116594.5,16.08237585
2025-08-08 09:45:00,116584.4,116721.7,116584.3,116698.6,14.27653776
2025-08-08 10:00:00,116685.0,116717.0,116610.8,116610.9,36.37184243
2025-08-08 10:15:00,116610.8,116629.7,116505.8,116505.8,18.14544224
2025-08-08 10:30:00,116505.8,116505.8,116500.7,116500.7,1.06378199
2025-08-08 10:45:00,116455.0,116566.0,116318.3,116543.1,27.08336727
2025-08-08 11:00:00,116542.6,116790.4,116542.6,116764.9,18.40651584
2025-08-08 11:15:00,116764.9,116833.7,116764.9,116816.2,6.4611734
2025-08-08 11:30:00,116763.1,116832.0,116763.1,116776.6,17.59262862
2025-08-08 11:45:00,116762.9,116854.0,116748.0,116854.0,14.90694751
2025-08-08 12:00:00,116898.0,116898.0,116582.1,116620.1,72.38610192
2025-08-08 12:15:00,116620.2,116679.0,116566.3,116617.7,26.96412697
2025-08-08 12:30:00,116617.7,116664.2,116557.2,116594.4,11.61051777
2025-08-08 12:45:00,116593.2,116593.2,116550.3,116550.3,5.57945845
2025-08-08 13:00:00,116500.0,116603.7,116499.9,116564.2,46.98155753
2025-08-08 13:15:00,116564.1,116736.8,116529.5,116735.1,26.83531193
2025-08-08 13:30:00,116735.1,116830.1,116514.8,116770.2,123.38490855
2025-08-08 13:45:00,116820.3,116914.0,116688.0,116909.0,150.69747087
2025-08-08 14:00:00,116909.0,116920.0,116909.0,116914.4,0.15978591
2025-08-08 14:15:00,116762.2,116805.0,116634.0,116735.2,47.12232095
2025-08-08 14:30:00,116735.1,116735.1,116616.0,116619.0,10.25205165
2025-08-08 14:45:00,116545.4,116683.9,116446.8,116464.1,183.35769954
2025-08-08 15:00:00,116490.6,116504.0,116205.5,116329.4,86.19507942
2025-08-08 15:15:00,116329.3,116534.2,116220.0,116275.4,31.20656431
2025-08-08 15:30:00,116275.0,116275.0,116240.0,116268.1,0.75719764
2025-08-08 15:45:00,115920.9,116028.7,115890.9,116028.6,11.11104207
2025-08-08 16:00:00,116210.0,116355.5,116084.5,116125.8,38.35836367
2025-08-08 16:15:00,116125.9,116267.0,116084.2,116128.8,57.01453505
2025-08-08 16:30:00,116087.1,116242.8,115999.8,116118.6,25.56308222
2025-08-08 16:45:00,116118.6,116208.8,116118.6,116177.7,6.69603908
2025-08-08 17:00:00,116192.9,116478.6,116162.1,116426.1,20.32803038
2025-08-08 17:15:00,116426.1,116429.0,116309.3,116347.0,6.07808145
2025-08-08 17:30:00,116352.2,116545.9,116352.1,116519.6,36.06191372
2025-08-08 17:45:00,116548.9,116594.4,116515.3,116519.6,11.49626623
2025-08-08 18:00:00,116702.7,116878.4,116701.8,116738.1,63.34073818
2025-08-08 18:15:00,116738.0,116886.0,116594.1,116608.6,34.38862467
2025-08-08 18:30:00,116602.6,116632.3,116594.0,116625.5,2.31692229
2025-08-08 18:45:00,116398.6,116525.1,116333.9,116470.0,15.42890258
2025-08-08 19:00:00,116499.2,116637.0,116488.2,116626.6,11.71862418
2025-08-08 19:15:00,116626.7,116690.9,116626.6,116688.3,4.18407208
2025-08-08 19:30:00,116488.7,116488.7,116339.5,116339.5,15.83203973
2025-08-08 19:45:00,116440.3,116519.2,116398.2,116459.7,37.35396717
2025-08-08 20:00:00,116445.2,116467.0,116301.7,116462.0,36.64175547
2025-08-08 20:15:00,116462.9,116486.7,116394.0,116474.5,9.96566074
2025-08-08 20:30:00,116503.3,116775.0,116503.2,116775.0,16.52921136
2025-08-08 20:45:00,116775.0,116775.0,116774.9,116775.0,0.00032398
2025-08-08 21:00:00,116886.0,116886.0,116789.0,116825.0,18.76916347
2025-08-08 21:15:00,116824.9,116824.9,116740.3,116799.9,11.79548107
2025-08-08 21:30:00,116797.7,116962.0,116797.6,116957.7,14.7150105
2025-08-08 21:45:00,116955.7,116959.5,116926.0,116957.3,5.21569979
2025-08-08 22:00:00,116929.0,116931.5,116750.6,116931.5,27.42593201
2025-08-08 22:15:00,116931.6,116979.9,116904.6,116933.1,6.87764363
2025-08-08 22:30:00,116956.4,116958.1,116857.8,116915.0,46.396579
2025-08-08 22:45:00,116916.0,116918.0,116904.3,116904.3,3.82815587
2025-08-08 23:00:00,116882.5,116899.6,116854.1,116876.1,3.16765551
2025-08-08 23:15:00,116876.1,116876.1,116837.5,116850.6,0.60669808
2025-08-08 23:30:00,116795.5,116795.5,116656.5,116692.0,6.85907695
2025-08-08 23:45:00,116706.9,116707.0,116706.8,116706.9,2.09799781
2025-08-09 00:00:00,116667.3,116706.9,116620.1,116703.0,8.64910809
2025-08-09 00:15:00,116703.2,116747.0,116658.0,116720.0,22.7807059
2025-08-09 00:30:00,116720.0,116720.0,116614.8,116636.1,27.00625386
2025-08-09 00:45:00,116636.1,116640.6,116583.0,116583.1,7.24116542
2025-08-09 01:00:00,116583.1,116645.0,116551.2,116611.4,9.58221855
2025-08-09 01:15:00,116611.5,116611.5,116525.1,116549.6,4.13955062
2025-08-09 01:30:00,116549.6,116634.0,116549.5,116634.0,12.42151458
2025-08-09 01:45:00,116635.0,116650.0,116589.9,116593.4,10.74982728
2025-08-09 02:00:00,116565.0,116565.0,116436.9,116436.9,17.06912424
2025-08-09 02:15:00,116436.8,116492.5,116416.3,116444.8,10.13803351
2025-08-09 02:30:00,116444.8,116449.5,116396.4,116445.9,18.00008938
2025-08-09 02:45:00,116445.9,116463.0,116405.0,116405.0,13.90374473
2025-08-09 03:00:00,116404.7,116468.0,116366.8,116450.3,24.41719102
2025-08-09 03:15:00,116450.3,116450.4,116425.7,116435.6,4.39623987
2025-08-09 03:30:00,116463.3,116463.3,116344.3,116416.4,17.54670701
2025-08-09 03:45:00,116416.5,116439.7,116376.0,116390.1,10.353889
2025-08-09 04:00:00,116390.0,116390.1,116368.0,116386.3,2.40205897
2025-08-09 04:15:00,116553.9,116554.0,116451.0,116482.7,7.37328132
2025-08-09 04:30:00,116482.8,116684.9,116460.0,116460.2,44.51790768
2025-08-09 04:45:00,116419.3,116450.8,116390.0,116446.4,11.21102234
2025-08-09 05:00:00,116446.4,116752.2,116421.2,116552.7,117.41759468
2025-08-09 05:15:00,116552.7,116976.2,116551.9,116961.9,99.57921096
2025-08-09 05:30:00,116961.9,116961.9,116724.0,116886.9,68.84373869
2025-08-09 05:45:00,116886.9,116907.0,116880.1,116906.9,3.80242598
2025-08-09 06:00:00,116725.2,116736.8,116572.1,116580.4,8.03253171
2025-08-09 06:15:00,116580.5,116738.0,116543.0,116624.6,54.36179178
2025-08-09 06:30:00,116624.5,116624.5,116575.9,116575.9,10.2207674
2025-08-09 06:45:00,116603.9,116673.0,116563.5,116672.9,7.81099072
2025-08-09 07:00:00,116653.3,116738.8,116633.9,116738.8,7.34560173
2025-08-09 07:15:00,116738.7,116849.9,116738.7,116810.7,11.18550131
2025-08-09 07:30:00,116877.7,116901.3,116784.6,116801.0,4.61612327
2025-08-09 07:45:00,116776.1,116776.2,116753.1,116753.1,5.92561094
2025-08-09 08:00:00,116755.9,116796.6,116746.8,116764.7,13.46556235
2025-08-09 08:15:00,116764.6,116848.5,116756.1,116848.4,15.59419346
2025-08-09 08:30:00,116862.9,117149.9,116834.0,117149.9,20.33369866
2025-08-09 08:45:00,117149.9,117164.8,116978.3,116978.4,7.66855403
2025-08-09 09:00:00,117091.7,117402.7,117038.4,117402.7,28.8171418
2025-08-09 09:15:00,117402.7,117436.2,117239.2,117256.4,11.380548
2025-08-09 09:30:00,117275.0,117368.0,117249.3,117324.7,10.57492451
2025-08-09 09:45:00,117264.2,117323.8,117235.3,117292.0,8.74288334
2025-08-09 10:00:00,117499.0,117763.1,117475.9,117757.0,31.63974865
2025-08-09 10:15:00,117757.1,117866.2,117687.0,117866.1,42.97181062
2025-08-09 10:30:00,117776.4,117776.4,117419.2,117515.2,66.14961327
2025-08-09 10:45:00,117515.2,117548.8,117515.1,117548.8,1.57909997
2025-08-09 11:00:00,117425.9,117460.1,117235.6,117235.6,21.54745327
2025-08-09 11:15:00,117235.5,117272.1,117223.6,117272.0,5.40545482
2025-08-09 11:30:00,117253.2,117261.2,117137.4,117137.4,12.00550928
2025-08-09 11:45:00,117228.2,117228.2,117103.0,117130.8,4.40632343
2025-08-09 12:00:00,117099.5,117223.0,117058.5,117212.0,22.9426859
2025-08-09 12:15:00,117212.0,117212.1,117122.2,117175.3,9.87909274
2025-08-09 12:30:00,117175.3,117190.4,117008.6,117014.1,20.48744073
2025-08-09 12:45:00,117024.4,117144.6,117024.3,117114.6,10.49945892
2025-08-09 13:00:00,117114.6,117150.1,116889.9,116894.1,34.75316221
2025-08-09 13:15:00,116896.1,116939.3,116873.3,116934.8,7.94500634
2025-08-09 13:30:00,117015.0,117015.1,116889.0,117003.1,21.8888853
2025-08-09 13:45:00,117002.8,117002.8,116938.0,116953.5,6.23091757
2025-08-09 14:00:00,116979.0,116979.0,116775.0,116964.4,19.44288872
2025-08-09 14:15:00,116965.0,116997.8,116878.1,116893.7,5.53111006
2025-08-09 14:30:00,116924.6,116924.7,116826.2,116826.2,6.25581864
2025-08-09 14:45:00,116839.7,116919.0,116801.0,116918.9,5.18123256
2025-08-09 15:00:00,116972.0,117015.7,116896.2,116993.3,28.04375557
2025-08-09 15:15:00,116993.4,117130.0,116840.8,116840.8,88.23139932
2025-08-09 15:30:00,116828.6,116889.0,116792.8,116853.8,12.61531781
2025-08-09 15:45:00,116812.9,116855.0,116785.7,116854.9,9.17076747
2025-08-09 16:00:00,116885.9,116941.4,116820.4,116820.4,36.04080479
2025-08-09 16:15:00,116820.4,116820.5,116724.7,116730.2,13.46864628
2025-08-09 16:30:00,116730.3,116765.1,116647.0,116750.7,17.1473952
2025-08-09 16:45:00,116750.7,116750.7,116685.9,116685.9,5.61561412
2025-08-09 17:00:00,116647.3,116811.3,116621.9,116738.6,26.10666339
2025-08-09 17:15:00,116738.6,116760.4,116738.6,116739.7,11.46581995
2025-08-09 17:30:00,116743.9,116770.9,116674.5,116705.7,33.82428639
2025-08-09 17:45:00,116705.6,116705.6,116631.9,116642.7,16.32881808
2025-08-09 18:00:00,116676.2,116720.4,116657.7,116657.8,18.14789512
2025-08-09 18:15:00,116657.7,116720.0,116657.7,116675.3,19.56991795
2025-08-09 18:30:00,116675.3,116675.4,116655.7,116655.7,1.54345436
2025-08-09 18:45:00,116617.7,116680.1,116556.9,116637.6,33.80353105
2025-08-09 19:00:00,116637.7,116724.0,116637.5,116651.9,13.20181042
2025-08-09 19:15:00,116651.9,116666.5,116606.3,116619.9,10.91448365
2025-08-09 19:30:00,116614.0,116614.0,116548.0,116566.4,11.78202931
2025-08-09 19:45:00,116568.9,116620.4,116555.2,116555.2,10.18103871
2025-08-09 20:00:00,116537.0,116613.4,116510.0,116537.0,25.16774661
2025-08-09 20:15:00,116537.0,116567.9,116510.4,116567.9,6.93473941
2025-08-09 20:30:00,116736.7,117019.9,116718.8,116885.8,40.54301347
2025-08-09 20:45:00,116911.8,116911.9,116742.1,116742.1,21.65343808
2025-08-09 21:00:00,116759.5,116784.1,116686.1,116686.1,20.37272062
2025-08-09 21:15:00,116686.1,116686.1,116584.0,116607.1,5.65936641
2025-08-09 21:30:00,116406.5,116531.9,116406.3,116447.3,21.30980791
2025-08-09 21:45:00,116434.8,116558.0,116434.7,116558.0,16.04461084
2025-08-09 22:00:00,116524.1,116592.0,116500.0,116561.9,15.42018196
2025-08-09 22:15:00,116562.0,116641.0,116562.0,116628.2,3.16334025
2025-08-09 22:30:00,116687.1,116690.2,116577.0,116607.2,20.90475
2025-08-09 22:45:00,116607.2,116607.3,116512.4,116556.1,27.58810691
2025-08-09 23:00:00,116542.0,116588.1,116500.0,116500.1,24.73641357
2025-08-09 23:15:00,116500.1,116512.0,116500.1,116512.0,3.35092983
2025-08-09 23:30:00,116450.1,116506.5,116435.8,116498.8,9.80201713
2025-08-09 23:45:00,116458.3,116483.4,116458.2,116483.3,2.27418536
2025-08-10 00:00:00,116464.2,116585.2,116462.1,116574.7,10.03277416
2025-08-10 00:15:00,116574.8,116622.4,116574.7,116593.1,8.59638655
2025-08-10 00:30:00,116593.0,116648.0,116542.2,116626.6,21.61088916
2025-08-10 00:45:00,116626.5,116741.0,116586.3,116734.3,46.9170977
2025-08-10 01:00:00,116734.4,116763.5,116608.4,116612.4,23.61572716
2025-08-10 01:15:00,116612.4,116675.3,116607.0,116607.0,5.65027395
2025-08-10 01:30:00,116607.0,116655.4,116602.3,116606.0,16.32627301
2025-08-10 01:45:00,116606.0,116606.1,116552.2,116573.6,9.74305881
2025-08-10 02:00:00,116573.6,116581.2,116573.5,116581.2,0.83765346
2025-08-10 02:15:00,116622.0,116790.1,116615.6,116790.1,23.8533063
2025-08-10 02:30:00,116790.0,117100.0,116762.7,117021.0,26.05135337
2025-08-10 02:45:00,117022.0,117311.3,117022.0,117311.2,10.9596874
2025-08-10 03:00:00,117311.3,117934.3,117244.9,117910.0,36.20546879
2025-08-10 03:15:00,117909.9,118518.1,117565.0,118358.7,86.94796287
2025-08-10 03:30:00,118362.2,118476.0,118170.1,118207.4,35.87258092
2025-08-10 03:45:00,118207.4,118282.1,118151.1,118183.5,6.73430282
2025-08-10 04:00:00,118493.6,118726.9,118493.6,118695.9,33.5732899
2025-08-10 04:15:00,118707.5,118716.5,118545.0,118631.8,21.50329125
2025-08-10 04:30:00,118631.8,118633.2,118451.1,118484.9,18.20985159
2025-08-10 04:45:00,118397.5,118559.8,118391.1,118484.8,27.37269659
2025-08-10 05:00:00,118484.8,118509.3,118441.8,118441.8,5.05769191
2025-08-10 05:15:00,118268.8,118278.4,117898.8,117907.6,26.65710746
2025-08-10 05:30:00,117907.7,118241.0,117907.6,118210.0,19.06853111
2025-08-10 05:45:00,118252.9,118252.9,117937.3,117983.0,13.40345442
2025-08-10 06:00:00,118033.5,118148.9,118025.1,118025.1,18.53041156
2025-08-10 06:15:00,118023.0,118023.0,117834.0,117859.2,19.12906228
2025-08-10 06:30:00,117857.1,117857.1,117792.8,117812.9,3.29466706
2025-08-10 06:45:00,117982.8,118141.0,117943.4,118141.0,9.78557901
2025-08-10 07:00:00,118082.0,118230.0,118075.0,118150.4,15.57959655
2025-08-10 07:15:00,118150.5,118230.0,118094.6,118226.7,8.71203873
2025-08-10 07:30:00,118096.9,118112.6,117703.2,117703.2,44.90835572
2025-08-10 07:45:00,117635.3,117860.2,117474.4,117815.1,50.71476082
2025-08-10 08:00:00,117804.2,118019.0,117608.4,118002.3,63.63673507
2025-08-10 08:15:00,118008.4,118158.3,118002.1,118087.4,24.88831131
2025-08-10 08:30:00,118119.7,118212.8,118087.6,118124.8,40.6697108
2025-08-10 08:45:00,118124.8,118255.0,118124.8,118254.8,18.66957696
2025-08-10 09:00:00,118306.2,118364.7,118259.9,118320.2,25.126881
2025-08-10 09:15:00,118320.3,118388.2,118310.0,118319.9,3.80185683
2025-08-10 09:30:00,118271.2,118271.2,118134.7,118198.3,15.7005848
2025-08-10 09:45:00,118111.5,118434.9,118111.4,118345.4,52.92665686
2025-08-10 10:00:00,118279.6,118279.6,118122.8,118154.4,24.55988858
2025-08-10 10:15:00,118154.4,118236.0,118100.0,118207.9,8.20851557
2025-08-10 10:30:00,118186.1,118201.2,118000.0,118187.9,37.77455206
2025-08-10 10:45:00,118188.0,118225.0,118187.9,118225.0,3.74529992
2025-08-10 11:00:00,118020.0,118049.3,117930.3,118011.0,54.51756899
2025-08-10 11:15:00,118011.0,118012.0,117958.2,117958.3,8.37411276
2025-08-10 11:30:00,118281.1,118288.0,118201.0,118260.7,14.61807044
2025-08-10 11:45:00,118386.4,118472.6,118386.4,118472.5,11.73944395
2025-08-10 12:00:00,118317.4,118530.5,118234.0,118495.0,19.22985859
2025-08-10 12:15:00,118496.0,118664.8,118464.8,118571.0,31.47115576
2025-08-10 12:30:00,118571.1,118702.5,118571.0,118702.5,23.73900476
2025-08-10 12:45:00,118702.7,118734.2,118466.5,118518.0,24.26897649
2025-08-10 13:00:00,118514.8,118683.1,118460.0,118584.6,59.69314176
2025-08-10 13:15:00,118584.5,118589.3,118393.8,118472.5,38.77110788
2025-08-10 13:30:00,118582.6,118582.6,118368.0,118552.5,60.87894065
2025-08-10 13:45:00,118552.4,118597.0,118552.4,118596.9,5.52298543
2025-08-10 14:00:00,118451.4,118611.0,118323.0,118598.7,104.58834735
2025-08-10 14:15:00,118598.7,118647.0,118558.9,118572.7,10.16409565
2025-08-10 14:30:00,118812.0,118816.9,118627.0,118751.0,20.69684721
2025-08-10 14:45:00,118775.9,118838.1,118595.2,118733.0,16.4379047
2025-08-10 15:00:00,118775.9,119100.0,118756.1,118890.0,47.45158503
2025-08-10 15:15:00,118889.9,118950.0,118640.0,118725.8,11.08516508
2025-08-10 15:30:00,118674.7,118684.1,118558.0,118579.1,12.3417604
2025-08-10 15:45:00,118720.0,118876.4,118717.0,118775.4,51.82239103
2025-08-10 16:00:00,118810.9,118943.0,118796.4,118839.3,34.02710555
2025-08-10 16:15:00,118839.3,118839.3,118667.5,118706.5,18.41851248
2025-08-10 16:30:00,118715.4,118772.1,118623.9,118772.0,45.67154348
2025-08-10 16:45:00,118772.0,118821.4,118686.8,118686.8,3.61768027
2025-08-10 17:00:00,118673.2,118689.5,118572.8,118581.4,8.80700937
2025-08-10 17:15:00,118581.4,118581.4,118494.6,118532.5,10.69033443
2025-08-10 17:30:00,118460.7,118593.8,118460.6,118534.9,9.87277327
2025-08-10 17:45:00,118513.4,118568.4,118513.3,118568.3,5.43072027
2025-08-10 18:00:00,118524.1,118553.4,118485.2,118541.5,24.64103299
2025-08-10 18:15:00,118541.4,118541.4,118400.0,118430.0,26.75330575
2025-08-10 18:30:00,118429.9,118430.0,118429.9,118429.9,0.06181429
2025-08-10 18:45:00,118555.0,118593.9,118515.1,118587.9,8.06451384
2025-08-10 19:00:00,118548.4,118646.9,118452.8,118646.8,37.63410792
2025-08-10 19:15:00,118646.8,118680.9,118633.2,118633.2,12.44948191
2025-08-10 19:30:00,118558.4,118587.0,118531.0,118562.7,3.095483
2025-08-10 19:45:00,118667.5,118697.9,118638.0,118689.7,2.48441863
2025-08-10 20:00:00,118663.1,118676.8,118214.5,118303.9,60.91101816
2025-08-10 20:15:00,118312.8,118371.5,118079.9,118168.0,51.48951747
2025-08-10 20:30:00,118274.6,118642.0,118274.6,118642.0,20.55116524
2025-08-10 20:45:00,118687.0,118758.0,118612.9,118681.0,17.8763632
2025-08-10 21:00:00,118314.9,118329.0,118077.3,118217.6,30.72066545
2025-08-10 21:15:00,118234.5,118320.8,118173.0,118320.8,5.24303518
2025-08-10 21:30:00,118224.9,118250.4,118161.4,118184.1,6.97597615
2025-08-10 21:45:00,118252.6,118500.0,118252.5,118500.0,22.05447834
2025-08-10 22:00:00,118700.0,118937.1,118612.0,118870.0,80.09221969
2025-08-10 22:15:00,118870.0,118922.1,118828.1,118910.0,36.86259194
2025-08-10 22:30:00,118828.8,118960.0,118828.8,118946.6,25.57607894
2025-08-10 22:45:00,118949.2,118979.4,118906.5,118979.4,9.01322361
2025-08-10 23:00:00,119055.5,119235.1,118943.0,118943.0,38.54341025
2025-08-10 23:15:00,118942.4,118974.4,118868.6,118923.6,11.52904183
2025-08-10 23:30:00,119017.9,119310.1,119011.9,119189.0,21.40333602
2025-08-10 23:45:00,119243.9,119287.0,119218.0,119218.0,6.33831475
2025-08-11 00:00:00,119291.0,119298.0,119141.6,119220.8,13.79131812
2025-08-11 00:15:00,119220.8,119495.8,119207.1,119422.1,19.20445057
2025-08-11 00:30:00,119414.4,119432.4,119157.1,119236.8,14.58576675
2025-08-11 00:45:00,119236.8,119322.0,119108.9,119126.2,19.19099496
2025-08-11 01:00:00,119124.9,119213.8,119056.8,119115.7,20.47657498
2025-08-11 01:15:00,119115.7,119227.9,118985.1,119178.8,20.05774127
2025-08-11 01:30:00,119174.4,119800.0,119174.4,119749.7,55.5625012
2025-08-11 01:45:00,119754.8,120000.0,119636.9,119999.7,59.7348348
2025-08-11 02:00:00,119999.7,120634.0,119929.5,120520.6,21.37146965
2025-08-11 02:15:00,121237.9,121707.0,120920.0,121472.0,54.10893078
2025-08-11 02:30:00,121472.1,121769.4,121348.0,121707.9,35.31475163
2025-08-11 02:45:00,121707.9,121868.7,121627.1,121857.3,33.31827565
2025-08-11 03:00:00,121857.4,121967.3,121542.3,121967.2,30.98240536
2025-08-11 03:15:00,121967.3,122132.9,121638.1,121736.7,48.01757662
2025-08-11 03:30:00,121736.7,121749.7,121538.0,121566.3,64.48520264
2025-08-11 03:45:00,121566.1,121725.9,121553.0,121725.9,8.21551415
2025-08-11 04:00:00,121715.3,121869.0,121637.3,121708.0,22.76342972
2025-08-11 04:15:00,121707.8,121869.5,121659.0,121689.9,27.0688677
2025-08-11 04:30:00,121689.9,121825.0,121620.9,121676.0,14.75901178
2025-08-11 04:45:00,121675.9,121753.0,121663.5,121753.0,3.86752262
2025-08-11 05:00:00,122078.7,122298.7,122013.7,122291.8,18.56936627
2025-08-11 05:15:00,122291.8,122291.8,121808.6,121943.1,22.4138673
2025-08-11 05:30:00,121957.1,122009.9,121849.6,121850.6,17.64950979
2025-08-11 05:45:00,121850.7,121993.0,121810.0,121993.0,10.02037123
2025-08-11 06:00:00,122030.0,122100.0,121973.1,122072.9,32.14425818
2025-08-11 06:15:00,122073.0,122112.0,121936.5,122085.9,32.05788387
2025-08-11 06:30:00,122086.0,122211.0,122063.3,122183.9,18.76477483
2025-08-11 06:45:00,122195.0,122297.4,122153.4,122277.1,29.66722852
2025-08-11 07:00:00,122278.0,122283.3,122197.0,122216.8,7.02774341
2025-08-11 07:15:00,121977.6,122083.7,121852.2,121888.2,14.10529916
2025-08-11 07:30:00,121888.1,121931.9,121796.6,121854.8,12.47581249
2025-08-11 07:45:00,121773.9,121784.2,121588.0,121625.1,12.99489171
2025-08-11 08:00:00,121518.5,121665.8,121211.1,121650.0,72.67886992
2025-08-11 08:15:00,121650.0,121713.2,121584.8,121713.1,40.9270771
2025-08-11 08:30:00,121713.1,121713.2,121594.9,121628.6,14.98168269
2025-08-11 08:45:00,121687.4,121771.5,121640.8,121679.9,29.73677585
2025-08-11 09:00:00,121680.0,121686.5,121680.0,121686.4,0.40317576
2025-08-11 09:15:00,121482.4,121482.5,121238.0,121291.6,17.03241331
2025-08-11 09:30:00,121291.6,121384.2,121028.0,121282.6,30.03525533
2025-08-11 09:45:00,121427.4,121457.8,121336.2,121365.4,36.62565393
2025-08-11 10:00:00,121418.0,121442.7,121140.4,121286.8,33.84646477
2025-08-11 10:15:00,121286.7,121389.2,121098.5,121351.9,22.23949557
2025-08-11 10:30:00,121271.1,121286.9,121105.3,121133.1,22.26901484
2025-08-11 10:45:00,121133.1,121190.4,121020.5,121190.4,8.64552752
2025-08-11 11:00:00,121171.5,121254.9,120802.8,120945.6,67.24329751
2025-08-11 11:15:00,120945.5,120945.6,120712.8,120760.8,38.24674685
2025-08-11 11:30:00,120520.2,120721.6,120343.2,120637.7,77.19337363
2025-08-11 11:45:00,120672.2,120674.0,120281.5,120286.3,18.04777807
2025-08-11 12:00:00,120558.0,120649.0,120058.9,120193.3,75.68432292
2025-08-11 12:15:00,120190.7,120264.6,120000.0,120155.6,74.70126506
2025-08-11 12:30:00,120155.6,120270.7,119586.6,119586.6,115.31797858
2025-08-11 12:45:00,119586.6,119723.5,119566.2,119649.6,16.50316216
2025-08-11 13:00:00,119646.6,119717.8,119367.1,119522.8,37.98029902
2025-08-11 13:15:00,119522.8,119740.5,119443.9,119530.7,33.62865554
2025-08-11 13:30:00,119530.8,120000.0,119484.4,119872.5,34.92969581
2025-08-11 13:45:00,120183.2,120319.8,119824.0,120005.1,78.11055064
2025-08-11 14:00:00,120006.5,120015.1,120006.5,120015.1,0.00365715
2025-08-11 14:15:00,120062.3,120147.0,119814.0,119908.6,42.98880188
2025-08-11 14:30:00,119908.5,120134.0,119879.6,120134.0,9.47111696
2025-08-11 14:45:00,120119.8,120258.0,119913.8,120258.0,32.01794697
2025-08-11 15:00:00,120244.7,120244.7,119856.0,119999.9,30.66975537
2025-08-11 15:15:00,119999.9,120340.3,119994.8,120130.4,25.45524763
2025-08-11 15:30:00,120104.8,120406.0,120085.7,120370.0,19.41795984
2025-08-11 15:45:00,120369.9,120370.0,120243.0,120309.0,3.30780326
2025-08-11 16:00:00,120316.0,120781.8,120232.0,120688.1,97.69009386
2025-08-11 16:15:00,120693.9,120786.9,120420.1,120554.0,89.69895335
2025-08-11 16:30:00,120554.1,120554.6,120544.7,120554.6,1.3662795
2025-08-11 16:45:00,119951.7,120171.6,119920.8,119962.1,41.56739198
2025-08-11 17:00:00,119954.0,120150.0,119894.8,119902.1,34.89043215
2025-08-11 17:15:00,119901.0,119901.0,119655.9,119809.4,40.28484543
2025-08-11 17:30:00,119798.2,119850.0,119654.9,119756.8,24.84153177
2025-08-11 17:45:00,119756.8,119756.8,119496.0,119558.6,44.94186631
2025-08-11 18:00:00,119500.0,119601.4,119253.8,119486.7,33.00819317
2025-08-11 18:15:00,119486.7,119715.6,119438.9,119593.1,28.45895682
2025-08-11 18:30:00,119593.2,119716.1,119593.2,119679.3,5.64734772
2025-08-11 18:45:00,119543.7,119793.5,119486.8,119760.3,39.24787415
2025-08-11 19:00:00,119760.3,119760.3,119760.2,119760.3,0.0009169
2025-08-11 19:15:00,119587.1,119597.9,119513.2,119577.5,27.38156069
2025-08-11 19:30:00,119480.7,119480.7,119185.5,119240.3,38.67904857
2025-08-11 19:45:00,119173.4,119197.8,118836.1,118880.9,30.9135209
2025-08-11 20:00:00,119088.2,119088.2,118647.1,118736.1,43.76024275
2025-08-11 20:15:00,118731.8,118819.0,118575.1,118818.9,22.76332207
2025-08-11 20:30:00,118861.9,119061.7,118859.9,119021.9,22.40647239
2025-08-11 20:45:00,119003.3,119054.7,118918.9,118918.9,17.77833271
2025-08-11 21:00:00,118824.2,119070.1,118774.8,119070.0,18.18965265
2025-08-11 21:15:00,119070.0,119181.9,119003.7,119003.7,13.12156759
2025-08-11 21:30:00,119028.3,119028.3,118377.1,118650.4,26.67478046
2025-08-11 21:45:00,118717.3,118717.3,118367.3,118381.6,13.47923815
2025-08-11 22:00:00,118728.1,118761.8,118390.7,118585.7,27.29070183
2025-08-11 22:15:00,118591.6,118748.7,118387.7,118387.7,16.3555042
2025-08-11 22:30:00,118527.0,118730.3,118340.4,118697.7,15.15066538
2025-08-11 22:45:00,118712.0,118909.3,118712.0,118830.4,9.12689032
2025-08-11 23:00:00,118896.6,118896.6,118751.2,118863.9,14.34073285
2025-08-11 23:15:00,118863.7,118863.7,118775.7,118802.9,3.53037218
2025-08-11 23:30:00,118685.0,118709.4,118600.4,118639.4,9.76151688
2025-08-11 23:45:00,118750.3,118813.6,118710.6,118813.6,6.90153546
2025-08-12 00:00:00,118688.6,118786.2,118600.2,118734.0,15.38793725
2025-08-12 00:15:00,118734.0,118977.6,118734.0,118888.3,39.44933343
2025-08-12 00:30:00,118887.9,118966.0,118655.6,118765.0,27.92212953
2025-08-12 00:45:00,118765.0,119021.9,118737.1,118959.7,34.34037669
2025-08-12 01:00:00,118954.7,119107.7,118856.7,118858.0,43.38724827
2025-08-12 01:15:00,118858.1,119050.1,118781.0,119045.0,42.26094698
2025-08-12 01:30:00,119044.9,119049.0,118927.5,119042.6,25.0459869
2025-08-12 01:45:00,119042.5,119060.3,119003.5,119044.5,9.3132129
2025-08-12 02:00:00,118983.0,119062.6,118843.7,118982.7,42.34372919
2025-08-12 02:15:00,118982.8,119140.5,118923.3,119129.1,41.19660368
2025-08-12 02:30:00,119125.6,119282.4,119108.9,119169.0,55.73125078
2025-08-12 02:45:00,119169.0,119169.0,119061.9,119063.3,14.46596486
2025-08-12 03:00:00,119063.4,119086.2,118863.4,118989.9,26.91275071
2025-08-12 03:15:00,118987.3,118990.1,118930.6,118930.7,6.80659827
2025-08-12 03:30:00,118936.8,119125.9,118869.0,118873.1,21.20754535
2025-08-12 03:45:00,118872.9,118921.1,118761.8,118855.7,15.22619034
2025-08-12 04:00:00,118855.7,118855.7,118815.8,118817.0,1.65663252
2025-08-12 04:15:00,118946.9,119027.3,118907.0,119027.3,11.29394639
2025-08-12 04:30:00,119031.1,119148.0,118992.0,119140.7,13.68194546
2025-08-12 04:45:00,119080.7,119158.0,118997.1,119093.8,12.60962264
2025-08-12 05:00:00,119062.0,119062.0,118671.1,118839.2,53.5324381
2025-08-12 05:15:00,118850.9,118851.0,118614.2,118634.6,38.65454368
2025-08-12 05:30:00,118619.6,118627.8,118441.7,118494.7,17.53171817
2025-08-12 05:45:00,118494.7,118559.7,118494.7,118559.7,0.91622185
2025-08-12 06:00:00,118808.8,118881.4,118716.6,118722.6,30.01772351
2025-08-12 06:15:00,118722.6,119024.2,118608.5,118996.2,51.85759084
2025-08-12 06:30:00,118994.3,118994.3,118915.4,118915.5,8.12245363
2025-08-12 06:45:00,118955.2,119016.7,118838.6,118838.6,36.15869356
2025-08-12 07:00:00,118838.7,119109.0,118838.7,119099.2,22.02600887
2025-08-12 07:15:00,119102.6,119149.7,119102.6,119138.0,16.02100462
2025-08-12 07:30:00,119139.2,119139.3,118989.9,119003.3,21.96913483
2025-08-12 07:45:00,119007.9,119076.8,119007.8,119017.9,16.71150274
2025-08-12 08:00:00,118982.6,119006.6,118870.2,118917.1,20.26986979
2025-08-12 08:15:00,118917.1,118939.5,118800.7,118826.0,13.28060134
2025-08-12 08:30:00,118825.9,118826.0,118825.9,118826.0,0.03563796
2025-08-12 08:45:00,119021.2,119048.7,118870.0,118870.0,8.26736643
2025-08-12 09:00:00,118810.3,118882.2,118561.2,118618.0,52.85464351
2025-08-12 09:15:00,118618.0,118753.3,118553.7,118582.6,28.85084651
2025-08-12 09:30:00,118690.8,118690.9,118550.0,118550.1,35.62304122
2025-08-12 09:45:00,118550.1,118557.5,118550.0,118557.5,1.2180974
2025-08-12 10:00:00,118412.3,118460.7,118222.6,118235.2,43.56945388
2025-08-12 10:15:00,118241.9,118584.7,118241.9,118521.1,26.32366518
2025-08-12 10:30:00,118528.7,118664.1,118368.6,118402.8,34.18343981
2025-08-12 10:45:00,118402.9,118557.4,118362.5,118557.3,9.28472768
2025-08-12 11:00:00,118445.2,118514.4,118249.9,118257.8,133.3531571
2025-08-12 11:15:00,118257.8,118443.0,118225.1,118413.0,31.98976191
2025-08-12 11:30:00,118501.0,118650.0,118466.6,118466.6,85.76725449
2025-08-12 11:45:00,118408.1,118574.1,118408.1,118523.9,34.27054794
2025-08-12 12:00:00,118521.1,118557.5,118360.3,118371.3,35.2593862
2025-08-12 12:15:00,118371.3,118592.7,118285.7,118492.6,35.33139189
2025-08-12 12:30:00,118492.7,119228.6,118492.7,119112.0,180.72522626
2025-08-12 12:45:00,119112.1,119131.8,118991.5,118999.8,13.25282505
2025-08-12 13:00:00,119262.3,119290.3,118822.5,119055.9,99.7516845
2025-08-12 13:15:00,119055.9,119206.9,118980.5,119206.8,116.38064714
2025-08-12 13:30:00,119206.9,119621.3,119077.4,119552.3,75.82809713
2025-08-12 13:45:00,118732.7,119087.3,118634.7,118888.4,91.27695954
2025-08-12 14:00:00,118852.4,119261.7,118767.6,119165.8,83.79491463
2025-08-12 14:15:00,119172.0,119238.1,119011.1,119147.3,23.44988758
2025-08-12 14:30:00,119196.8,119326.4,119066.6,119117.0,35.10330033
2025-08-12 14:45:00,119114.7,119114.7,118980.7,119030.6,15.72348783
2025-08-12 15:00:00,119438.1,119581.7,119318.3,119456.4,97.4403804
2025-08-12 15:15:00,119453.2,119756.5,119453.1,119720.9,49.36573007
2025-08-12 15:30:00,119762.0,119938.9,119640.2,119669.0,63.93266664
2025-08-12 15:45:00,119671.4,119762.4,119671.4,119751.9,1.98724475
2025-08-12 16:00:00,119923.4,120170.0,119813.8,119831.0,97.87864749
2025-08-12 16:15:00,119831.0,119943.0,119606.1,119691.1,60.20377277
2025-08-12 16:30:00,119705.2,119705.2,119522.2,119546.0,69.34842666
2025-08-12 16:45:00,119546.0,119717.0,119537.6,119564.4,30.83815738
2025-08-12 17:00:00,119642.0,119831.0,119579.8,119695.4,62.89742392
2025-08-12 17:15:00,119695.4,119838.0,119695.3,119696.0,40.75665217
2025-08-12 17:30:00,119407.9,119558.1,119362.0,119427.3,30.9051814
2025-08-12 17:45:00,119427.3,119440.6,119427.3,119440.6,0.83143561
2025-08-12 18:00:00,119259.3,119783.0,119259.3,119783.0,46.72981448
2025-08-12 18:15:00,119784.0,120070.4,119709.0,119769.3,32.90458044
2025-08-12 18:30:00,119769.3,119811.0,119527.8,119581.2,49.41856201
2025-08-12 18:45:00,119552.5,119563.0,119254.1,119290.4,72.40061139
2025-08-12 19:00:00,119334.2,119524.1,119292.4,119519.9,56.18588783
2025-08-12 19:15:00,119519.9,119719.9,119519.9,119719.9,21.48653065
2025-08-12 19:30:00,119808.2,119939.0,119755.1,119850.0,59.75053486
2025-08-12 19:45:00,119714.8,119732.1,119611.2,119646.8,15.53992876
2025-08-12 20:00:00,119646.8,119781.0,119466.1,119738.5,19.40564211
2025-08-12 20:15:00,119738.6,120017.7,119738.5,119898.1,41.36651701
2025-08-12 20:30:00,119797.9,120145.3,119797.9,120024.6,26.03811595
2025-08-12 20:45:00,120024.7,120308.5,120024.7,120145.1,29.06800232
2025-08-12 21:00:00,120179.0,120182.9,119830.0,120002.9,57.02892016
2025-08-12 21:15:00,120002.7,120099.9,119978.0,120099.9,10.25577066
2025-08-12 21:30:00,120088.1,120088.1,119835.9,120027.0,21.08236712
2025-08-12 21:45:00,120006.0,120006.0,119904.9,119939.8,11.19760932
2025-08-12 22:00:00,119885.5,119983.0,119692.1,119761.1,74.08280938
2025-08-12 22:15:00,119761.2,119791.2,119649.0,119684.1,6.40983461
2025-08-12 22:30:00,119789.0,119940.6,119776.0,119891.7,19.47872052
2025-08-12 22:45:00,119885.0,119942.9,119845.9,119942.8,10.22813007
2025-08-12 23:00:00,120083.0,120099.3,119903.1,120099.2,19.51601344
2025-08-12 23:15:00,120099.1,120160.0,120096.2,120158.1,3.52079111
2025-08-12 23:30:00,120194.8,120194.8,120038.3,120179.8,12.01426134
2025-08-12 23:45:00,120235.9,120293.8,120154.9,120154.9,10.50676021
2025-08-13 00:00:00,120119.1,120181.7,120010.0,120062.5,36.93162907
2025-08-13 00:15:00,120062.6,120062.6,119904.9,119952.7,12.5507404
2025-08-13 00:30:00,119952.7,120020.9,119857.6,119902.9,20.48618371
2025-08-13 00:45:00,119902.9,119959.5,119626.6,119712.7,29.22584222
2025-08-13 01:00:00,119712.7,119712.7,119352.9,119354.9,26.46006558
2025-08-13 01:15:00,119354.9,119651.0,119354.9,119497.0,45.02508041
2025-08-13 01:30:00,119497.1,119551.1,119393.4,119427.7,56.29219216
2025-08-13 01:45:00,119427.7,119443.9,119391.2,119443.9,3.96023896
2025-08-13 02:00:00,119477.2,119477.2,119227.2,119227.2,69.31820167
2025-08-13 02:15:00,119227.2,119279.0,119093.0,119279.0,28.44032693
2025-08-13 02:30:00,119279.4,119703.1,119279.4,119620.1,52.76971867
2025-08-13 02:45:00,119620.2,119733.0,119559.2,119559.2,21.76823622
2025-08-13 03:00:00,119559.2,119630.0,119336.0,119392.9,34.72660038
2025-08-13 03:15:00,119392.8,119484.6,119316.9,119323.4,23.40339641
2025-08-13 03:30:00,119424.8,119612.0,119364.0,119456.9,74.62233987
2025-08-13 03:45:00,119455.9,119586.3,119382.9,119486.0,29.27210553
2025-08-13 04:00:00,119486.0,119594.0,119467.8,119594.0,17.87180605
2025-08-13 04:15:00,119705.1,119786.7,119599.4,119599.4,14.13365369
2025-08-13 04:30:00,119599.4,119689.7,119369.9,119404.0,34.87194699
2025-08-13 04:45:00,119403.9,119407.2,119395.5,119395.5,0.18087427
2025-08-13 05:00:00,119347.4,119347.4,119341.0,119341.0,1.27658023
2025-08-13 05:15:00,119386.2,119683.7,119349.9,119604.6,50.16808649
2025-08-13 05:30:00,119604.6,119604.6,119348.5,119353.0,29.51941858
2025-08-13 05:45:00,119180.0,119205.4,118937.8,119026.5,16.0459416
2025-08-13 06:00:00,119075.4,119241.2,118949.7,119236.1,29.24734698
2025-08-13 06:15:00,119238.5,119289.0,119072.5,119164.0,46.27338859
2025-08-13 06:30:00,119164.0,119334.1,119164.0,119334.1,10.09927788
2025-08-13 06:45:00,119187.6,119415.0,119139.9,119411.0,53.04623333
2025-08-13 07:00:00,119411.1,119478.3,119345.8,119348.8,44.77827707
2025-08-13 07:15:00,119348.0,119424.6,119329.8,119403.7,15.90753075
2025-08-13 07:30:00,119403.7,119412.5,119297.7,119327.6,33.89503374
2025-08-13 07:45:00,119326.1,119326.1,119314.0,119314.0,0.45307753
2025-08-13 08:00:00,119580.4,119858.0,119451.9,119784.1,46.42878468
2025-08-13 08:15:00,119784.1,119856.7,119698.3,119820.4,41.56409325
2025-08-13 08:30:00,119820.3,119861.0,119819.0,119860.9,2.95992782
2025-08-13 08:45:00,119935.2,120029.9,119825.0,120029.9,67.10213546
2025-08-13 09:00:00,120039.2,120173.0,119944.3,120172.9,26.28823693
2025-08-13 09:15:00,120172.9,120172.9,119794.1,119854.2,42.34263706
2025-08-13 09:30:00,119854.2,119914.4,119854.2,119912.4,2.8620647
2025-08-13 09:45:00,120019.9,120088.3,120019.8,120047.0,18.53793893
2025-08-13 10:00:00,120120.9,120433.2,120050.0,120387.3,110.99047663
2025-08-13 10:15:00,120387.2,120470.0,120303.1,120349.3,68.94141323
2025-08-13 10:30:00,120376.5,120470.6,120362.4,120448.8,31.31454399
2025-08-13 10:45:00,120448.8,120448.9,120379.8,120398.8,4.07998564
2025-08-13 11:00:00,120483.1,120685.5,120453.1,120634.0,61.22805857
2025-08-13 11:15:00,120634.1,120664.8,120424.9,120517.2,10.23531732
2025-08-13 11:30:00,120652.7,120715.0,120576.3,120662.9,14.08146818
2025-08-13 11:45:00,120692.0,120713.0,120627.7,120676.5,8.55277319
2025-08-13 12:00:00,120569.3,120672.3,120364.6,120469.7,34.11783674
2025-08-13 12:15:00,120469.7,120587.0,120469.7,120543.9,35.03837144
2025-08-13 12:30:00,120543.8,120606.9,120423.1,120525.5,41.07512972
2025-08-13 12:45:00,120525.5,120533.3,120351.8,120359.3,10.30573349
2025-08-13 13:00:00,120269.5,120542.0,120210.7,120500.6,27.03040547
2025-08-13 13:15:00,120500.6,120765.6,120474.4,120642.6,31.93543556
2025-08-13 13:30:00,120642.6,120764.6,120546.8,120764.6,60.5263895
2025-08-13 13:45:00,120331.1,122032.0,120293.0,121996.8,188.94667453
2025-08-13 14:00:00,121755.2,122192.7,121741.6,122068.0,98.42805282
2025-08-13 14:15:00,122068.0,122144.9,121424.0,121586.1,69.7894438
2025-08-13 14:30:00,121703.3,121918.2,121499.1,121659.7,42.36469438
2025-08-13 14:45:00,121651.7,121651.7,121180.7,121236.1,52.03615031
2025-08-13 15:00:00,120882.5,121239.3,120804.7,120972.0,114.81676677
2025-08-13 15:15:00,120968.0,120968.0,120469.5,120520.9,21.28764787
2025-08-13 15:30:00,120568.6,121074.1,120455.5,121060.2,25.23337533
2025-08-13 15:45:00,121337.6,121337.6,121181.0,121228.6,13.62455884
2025-08-13 16:00:00,120920.5,121495.1,120920.5,121495.1,30.74941698
2025-08-13 16:15:00,121495.9,121721.1,121495.9,121648.9,63.49828904
2025-08-13 16:30:00,121527.8,121691.2,121325.3,121325.3,74.51788709
2025-08-13 16:45:00,121325.1,121344.8,121264.5,121337.4,10.17217484
2025-08-13 17:00:00,121414.7,121692.4,121414.7,121590.9,29.53520741
2025-08-13 17:15:00,121588.7,121818.0,121584.5,121779.5,26.96300178
2025-08-13 17:30:00,121779.6,121802.1,121529.8,121590.3,22.19243731
2025-08-13 17:45:00,121590.3,121843.9,121509.9,121803.1,36.21985102
2025-08-13 18:00:00,121803.1,121932.5,121616.4,121899.9,41.13507294
2025-08-13 18:15:00,121899.9,121923.7,121571.3,121617.3,23.12040043
2025-08-13 18:30:00,121617.3,121858.5,121407.9,121493.8,38.12335691
2025-08-13 18:45:00,121493.8,121688.0,121454.9,121626.8,45.54639907
2025-08-13 19:00:00,121626.8,121993.5,121516.8,121934.6,95.00343113
2025-08-13 19:15:00,121934.6,122527.0,121927.4,122349.7,106.23538784
2025-08-13 19:30:00,122357.6,122554.3,122206.1,122398.8,33.58727646
2025-08-13 19:45:00,122421.0,122833.9,122421.0,122738.0,39.11382201
2025-08-13 20:00:00,122738.0,122838.5,122449.9,122805.6,35.14026714
2025-08-13 20:15:00,122805.6,122805.6,122546.6,122607.2,15.13336548
2025-08-13 20:30:00,122622.7,122797.1,122622.7,122792.8,17.76728791
2025-08-13 20:45:00,122794.6,122932.9,122792.8,122887.1,117.89612114
2025-08-13 21:00:00,122887.1,122990.0,122621.5,122662.8,128.8824097
2025-08-13 21:15:00,122662.8,122897.8,122658.7,122658.7,62.60543086
2025-08-13 21:30:00,122658.6,122815.0,122451.7,122452.6,52.47779051
2025-08-13 21:45:00,122456.7,122628.7,122293.9,122540.3,43.0903239
2025-08-13 22:00:00,122553.3,122953.8,122547.3,122953.8,36.42902922
2025-08-13 22:15:00,122953.7,123037.8,122832.5,122936.8,29.36161136
2025-08-13 22:30:00,122936.9,123540.2,122909.4,123493.8,88.92060603
2025-08-13 22:45:00,123493.8,123596.5,122890.8,122943.2,55.98489356
2025-08-13 23:00:00,122943.1,123153.8,122889.6,122952.0,91.78495571
2025-08-13 23:15:00,122952.0,123297.1,122922.5,123296.9,31.19901891
2025-08-13 23:30:00,123297.0,123651.4,123296.9,123422.7,49.9441464
2025-08-13 23:45:00,123422.6,123545.6,123267.1,123293.4,29.92699529
2025-08-14 00:00:00,123293.4,123845.6,123234.4,123841.1,81.16747307
2025-08-14 00:15:00,123841.2,124228.0,123639.9,124228.0,114.37533749
2025-08-14 00:30:00,124227.9,124447.7,123636.0,123701.1,139.96573974
2025-08-14 00:45:00,123712.4,123839.6,123467.8,123831.2,48.30461617
2025-08-14 01:00:00,123831.2,123928.6,123565.2,123597.4,93.35590522
2025-08-14 01:15:00,123597.5,123728.0,123377.0,123564.0,92.44418852
2025-08-14 01:30:00,123563.9,123782.1,123517.1,123558.9,31.7066473
2025-08-14 01:45:00,123562.3,123564.4,123340.6,123340.6,19.10348522
2025-08-14 02:00:00,123340.6,123590.1,123338.2,123371.6,34.59655696
2025-08-14 02:15:00,123366.4,123450.9,123272.0,123316.5,18.47352986
2025-08-14 02:30:00,123310.9,123597.7,123296.1,123585.0,16.47290171
2025-08-14 02:45:00,123585.0,123690.1,123507.4,123676.8,22.12750163
2025-08-14 03:00:00,123676.8,123852.9,123619.1,123774.1,18.89609317
2025-08-14 03:15:00,123774.1,123774.1,123553.0,123568.8,13.69201096
2025-08-14 03:30:00,123568.9,123577.1,123404.9,123528.8,20.37525681
2025-08-14 03:45:00,123528.7,123528.7,123295.0,123360.4,24.44602225
2025-08-14 04:00:00,123355.9,123430.1,123132.9,123132.9,16.52545161
2025-08-14 04:15:00,123133.0,123381.9,123124.4,123314.2,27.57033114
2025-08-14 04:30:00,123314.3,123328.6,123124.8,123210.6,36.72267014
2025-08-14 04:45:00,123210.6,123210.6,123004.1,123004.1,46.07487085
2025-08-14 05:00:00,123004.1,123120.5,122851.3,122889.2,23.15894698
2025-08-14 05:15:00,122879.6,122995.0,122721.5,122721.5,36.45040943
2025-08-14 05:30:00,122721.4,122811.2,122547.7,122565.1,34.84151431
2025-08-14 05:45:00,122565.1,122619.0,122071.3,122134.2,89.57370914
2025-08-14 06:00:00,122134.1,122134.1,121711.1,121722.6,135.44393763
2025-08-14 06:15:00,121728.4,121753.4,121303.0,121577.7,77.89551285
2025-08-14 06:30:00,121577.8,121907.9,121577.8,121753.4,61.16843184
2025-08-14 06:45:00,121753.4,121921.7,121735.6,121764.1,72.21301283
2025-08-14 07:00:00,121764.2,121912.0,121617.0,121671.7,70.45500013
2025-08-14 07:15:00,121671.6,121736.9,121537.0,121614.3,58.09621171
2025-08-14 07:30:00,121614.3,122040.9,121614.2,121903.9,42.43686155
2025-08-14 07:45:00,121904.0,121915.8,121620.8,121735.0,34.12934973
2025-08-14 08:00:00,121734.9,121849.9,121591.0,121809.0,44.80252383
2025-08-14 08:15:00,121809.1,122023.7,121802.3,122000.9,65.47875955
2025-08-14 08:30:00,122000.9,122000.9,121660.0,121697.7,43.10091688
2025-08-14 08:45:00,121697.7,121752.1,121552.0,121622.2,60.40456608
2025-08-14 09:00:00,121622.1,121896.7,121515.9,121894.2,93.79801682
2025-08-14 09:15:00,121891.7,121904.8,121753.0,121819.4,48.01903243
2025-08-14 09:30:00,121819.3,121819.3,121574.0,121574.1,50.66253589
2025-08-14 09:45:00,121574.1,121678.0,121574.1,121641.6,14.53027587
2025-08-14 10:00:00,121641.6,121641.6,121440.0,121469.0,28.91968462
2025-08-14 10:15:00,121469.1,121765.7,121469.1,121507.7,37.56367214
2025-08-14 10:30:00,121507.7,121648.0,121108.2,121142.6,67.77341434
2025-08-14 10:45:00,121142.6,121252.1,120755.8,120943.2,85.47699037
2025-08-14 11:00:00,120943.1,121018.3,120772.5,120822.2,53.6933199
2025-08-14 11:15:00,120822.8,120905.6,120739.9,120883.2,44.95781456
2025-08-14 11:30:00,120883.3,120902.9,120695.3,120788.0,25.93157428
2025-08-14 11:45:00,120787.0,120943.0,120768.5,120943.0,20.89182134
2025-08-14 12:00:00,120943.0,120958.6,120843.1,120958.6,16.95547454
2025-08-14 12:15:00,120958.6,121153.7,120457.5,121142.8,109.02155175
2025-08-14 12:30:00,121142.9,121142.9,117500.0,119532.1,502.86147237
2025-08-14 12:45:00,119532.1,119732.6,118689.0,118871.5,148.33036562
2025-08-14 13:00:00,118867.1,119259.3,118069.9,119250.3,255.10595438
2025-08-14 13:15:00,119250.3,119250.3,118081.3,118236.1,133.73302047
2025-08-14 13:30:00,118236.7,118690.4,117744.8,118266.0,113.07419418
2025-08-14 13:45:00,118267.4,118891.5,118178.3,118432.9,94.65099592
2025-08-14 14:00:00,118438.2,118459.8,118022.0,118055.1,85.40766109
2025-08-14 14:15:00,118055.1,118872.5,118027.0,118868.9,156.21420568
2025-08-14 14:30:00,118869.0,119341.9,118776.1,119077.9,83.24432845
2025-08-14 14:45:00,119076.8,119360.1,118745.0,118800.0,71.63313493
2025-08-14 15:00:00,118800.0,118911.8,118481.5,118540.0,125.95092218
2025-08-14 15:15:00,118534.5,118591.0,118066.4,118161.7,140.05101675
2025-08-14 15:30:00,118158.0,118282.9,117888.1,118100.0,141.30076648
2025-08-14 15:45:00,118100.0,118276.9,117921.9,118255.0,107.1320977
2025-08-14 16:00:00,118255.1,118255.1,117638.2,117659.8,106.95118656
2025-08-14 16:15:00,117655.3,117901.1,117433.2,117652.9,93.04621275
2025-08-14 16:30:00,117652.9,117881.0,117421.9,117713.6,51.92841443
2025-08-14 16:45:00,117713.0,117989.7,117550.4,117876.0,109.51255856
2025-08-14 17:00:00,117876.0,117876.0,117505.4,117718.0,53.71675151
2025-08-14 17:15:00,117718.0,118135.4,117549.9,118105.0,50.97083199
2025-08-14 17:30:00,118105.8,118119.0,117689.0,117689.0,45.52004884
2025-08-14 17:45:00,117688.3,117944.7,117575.8,117922.8,47.92789975
2025-08-14 18:00:00,117922.0,117923.4,117646.1,117656.4,48.22365941
2025-08-14 18:15:00,117657.7,117851.0,117110.6,117851.0,98.09036919
2025-08-14 18:30:00,117849.0,118088.4,117805.3,118043.8,52.96355372
2025-08-14 18:45:00,118043.0,118223.1,117991.0,118079.0,74.42795032
2025-08-14 19:00:00,118080.0,118177.9,118068.0,118109.4,60.47252503
2025-08-14 19:15:00,118109.4,118418.3,117993.1,118299.1,70.32761805
2025-08-14 19:30:00,118299.2,118299.2,118098.5,118200.0,50.39292095
2025-08-14 19:45:00,118199.6,118525.0,117925.0,117937.6,51.62682494
2025-08-14 20:00:00,117937.6,117992.9,117735.5,117820.1,58.04577479
2025-08-14 20:15:00,117821.0,118141.0,117784.0,118141.0,83.97946451
2025-08-14 20:30:00,118141.9,118141.9,117889.0,117939.1,54.80111984
2025-08-14 20:45:00,117939.0,117973.8,117762.8,117866.0,74.59407872
2025-08-14 21:00:00,117865.9,118197.7,117838.1,118149.7,41.69981358
2025-08-14 21:15:00,118149.7,118159.4,117615.4,117641.9,52.22924973
2025-08-14 21:30:00,117643.0,117882.0,117321.2,117567.0,80.9734191
2025-08-14 21:45:00,117567.0,117928.3,117471.0,117896.0,40.16677859
2025-08-14 22:00:00,117896.6,118061.9,117642.2,118061.9,32.82122361
2025-08-14 22:15:00,118061.9,118215.9,118001.1,118215.9,26.11885875
2025-08-14 22:30:00,118215.9,118340.0,118114.3,118188.0,30.79421343
2025-08-14 22:45:00,118181.5,118340.0,118181.4,118297.0,12.45730446
2025-08-14 23:00:00,118296.9,118401.0,118238.4,118374.9,19.83855498
2025-08-14 23:15:00,118374.9,118504.4,118374.9,118503.9,26.86561136
2025-08-14 23:30:00,118504.0,118525.4,118394.7,118439.3,25.98310542
2025-08-14 23:45:00,118439.2,118514.8,118233.3,118293.4,15.49931969
2025-08-15 00:00:00,118293.5,118472.5,118233.0,118472.5,36.83616088
2025-08-15 00:15:00,118469.0,118469.0,118204.5,118238.0,49.5076455
2025-08-15 00:30:00,118238.1,118417.9,118041.2,118377.1,73.8407706
2025-08-15 00:45:00,118377.1,118462.8,118160.8,118175.8,53.32181813
2025-08-15 01:00:00,118175.9,118204.9,118045.1,118146.0,82.84280281
2025-08-15 01:15:00,118145.1,118421.9,118048.1,118401.9,94.89989445
2025-08-15 01:30:00,118402.0,118632.9,118322.0,118624.3,113.42399622
2025-08-15 01:45:00,118624.3,118744.6,118581.2,118694.2,44.08315096
2025-08-15 02:00:00,118694.2,118798.2,118602.0,118701.9,70.86893658
2025-08-15 02:15:00,118702.0,118785.0,118638.0,118766.0,42.73615338
2025-08-15 02:30:00,118766.9,118880.7,118695.0,118824.6,73.20768566
2025-08-15 02:45:00,118824.6,118843.3,118650.0,118693.0,26.0400788
2025-08-15 03:00:00,118693.0,118900.0,118609.9,118851.1,17.74521262
2025-08-15 03:15:00,118851.1,118999.0,118793.4,118999.0,16.53503833
2025-08-15 03:30:00,118999.0,119079.0,118906.5,118962.0,39.06875877
2025-08-15 03:45:00,118962.0,118967.0,118873.2,118959.9,37.40316577
2025-08-15 04:00:00,118959.9,119106.3,118931.0,119105.5,41.47454042
2025-08-15 04:15:00,119105.5,119167.9,119049.3,119167.9,31.94892284
2025-08-15 04:30:00,119167.9,119195.9,118983.5,118983.6,23.87869562
2025-08-15 04:45:00,118983.5,118983.5,118776.5,118840.3,15.30654345
2025-08-15 05:00:00,118840.2,118959.9,118682.9,118682.9,16.92587015
2025-08-15 05:15:00,118685.3,118829.4,118638.3,118744.0,15.59833699
2025-08-15 05:30:00,118744.0,118868.9,118704.8,118704.8,20.76418199
2025-08-15 05:45:00,118704.9,119011.0,118672.1,118994.2,31.28361085
2025-08-15 06:00:00,118994.0,119170.6,118890.2,118913.0,42.95516273
2025-08-15 06:15:00,118913.0,119146.9,118872.7,119108.2,43.76984575
2025-08-15 06:30:00,119108.3,119210.3,119070.2,119210.2,28.11533218
2025-08-15 06:45:00,119210.4,119210.5,119073.4,119073.4,19.85020436
2025-08-15 07:00:00,119073.5,119103.4,118878.0,118878.1,37.08355184
2025-08-15 07:15:00,118878.1,118970.9,118807.9,118895.0,41.71456267
2025-08-15 07:30:00,118894.6,118924.0,118769.5,118811.9,38.1299849
2025-08-15 07:45:00,118812.0,118956.0,118766.1,118956.0,32.14087293
2025-08-15 08:00:00,118956.0,119063.3,118942.0,118942.0,47.68762195
2025-08-15 08:15:00,118941.0,119096.3,118886.4,119080.0,49.65938429
2025-08-15 08:30:00,119079.0,119145.9,119043.0,119134.6,37.43972422
2025-08-15 08:45:00,119134.6,119134.6,118876.0,118886.7,50.0208153
2025-08-15 09:00:00,118886.7,119048.9,118872.8,118927.4,140.23327147
2025-08-15 09:15:00,118927.5,118927.5,118691.1,118712.8,10.92456783
2025-08-15 09:30:00,118712.9,118887.9,118704.0,118738.5,24.43759289
2025-08-15 09:45:00,118738.6,118818.0,118606.3,118704.6,21.29203011
2025-08-15 10:00:00,118704.7,118965.5,118704.7,118863.5,26.23467772
2025-08-15 10:15:00,118863.5,119018.8,118831.1,118979.7,22.29485968
2025-08-15 10:30:00,118979.8,119005.0,118882.3,118975.4,31.31073999
2025-08-15 10:45:00,118981.4,118998.0,118875.3,118891.0,21.58063365
2025-08-15 11:00:00,118890.9,119085.4,118890.9,119052.9,27.66413924
2025-08-15 11:15:00,119053.0,119076.0,118965.3,119004.9,40.34574017
2025-08-15 11:30:00,119004.9,119080.0,118993.9,119072.1,28.88819296
2025-08-15 11:45:00,119072.1,119088.8,119006.8,119010.2,28.76793886
2025-08-15 12:00:00,119010.3,119095.0,118955.8,119091.0,26.05315685
2025-08-15 12:15:00,119090.9,119090.9,118675.0,118675.0,72.52077053
2025-08-15 12:30:00,118674.0,119099.9,118521.4,118644.9,164.02964355
2025-08-15 12:45:00,118645.0,118770.2,118547.2,118655.0,29.1403334
2025-08-15 13:00:00,118655.0,118735.9,118349.5,118473.0,67.92649367
2025-08-15 13:15:00,118473.3,118600.9,118433.1,118472.8,89.61332768
2025-08-15 13:30:00,118472.8,118519.9,117981.8,118039.9,104.52881462
2025-08-15 13:45:00,118027.4,118104.4,117749.2,117783.3,96.19449728
2025-08-15 14:00:00,117783.2,118162.0,117648.3,118041.1,116.5492635
2025-08-15 14:15:00,118041.1,118275.9,117789.0,117909.0,64.15004692
2025-08-15 14:30:00,117909.1,118021.9,117758.0,117758.0,48.32949373
2025-08-15 14:45:00,117757.1,117787.8,117266.3,117396.6,134.93621563
2025-08-15 15:00:00,117396.6,117512.1,116950.9,117351.9,119.46474476
2025-08-15 15:15:00,117352.1,117583.4,117007.1,117065.0,106.34113083
2025-08-15 15:30:00,117065.0,117401.5,116763.4,116847.4,142.58028824
2025-08-15 15:45:00,116847.3,117387.0,116835.0,117281.2,89.85071378
2025-08-15 16:00:00,117273.0,117362.7,116806.1,117037.8,105.84698395
2025-08-15 16:15:00,117037.8,117161.0,116802.0,117044.0,52.44766627
2025-08-15 16:30:00,117043.9,117269.6,117032.1,117191.9,35.82695346
2025-08-15 16:45:00,117183.5,117402.4,117150.1,117357.4,56.41907702
2025-08-15 17:00:00,117357.4,117357.4,117114.0,117159.9,62.32146566
2025-08-15 17:15:00,117160.0,117659.1,117000.0,117548.6,121.42637941
2025-08-15 17:30:00,117548.6,117883.1,117390.8,117741.6,85.4433934
2025-08-15 17:45:00,117741.5,117756.9,117553.0,117589.6,51.35911073
2025-08-15 18:00:00,117589.6,117656.2,117301.8,117374.2,54.13732597
2025-08-15 18:15:00,117374.2,117384.0,117278.7,117318.9,17.48731864
2025-08-15 18:30:00,117318.8,117433.9,117259.7,117261.1,25.22986772
2025-08-15 18:45:00,117261.1,117384.0,117031.0,117152.5,46.80622867
2025-08-15 19:00:00,117152.5,117275.1,117011.3,117275.0,35.20974893
2025-08-15 19:15:00,117275.0,117406.0,117128.2,117130.1,44.9735177
2025-08-15 19:30:00,117130.1,117171.4,116973.1,116981.9,56.41516767
2025-08-15 19:45:00,116981.9,117040.1,116867.2,116922.4,39.85972932
2025-08-15 20:00:00,116922.9,117126.2,116870.4,117126.2,28.35748974
2025-08-15 20:15:00,117126.3,117207.8,117074.0,117201.9,23.65928235
2025-08-15 20:30:00,117201.9,117313.9,117182.7,117236.0,19.90522945
2025-08-15 20:45:00,117236.0,117318.9,117222.1,117295.4,19.75243257
2025-08-15 21:00:00,117286.9,117362.7,117089.3,117089.3,30.40566185
2025-08-15 21:15:00,117089.0,117269.6,117000.0,117257.3,33.77050156
2025-08-15 21:30:00,117257.3,117296.4,117167.8,117235.0,21.24863388
2025-08-15 21:45:00,117236.0,117305.6,117236.0,117305.5,12.02966975
2025-08-15 22:00:00,117305.5,117369.7,117304.0,117315.0,12.62407727
2025-08-15 22:15:00,117315.0,117377.9,117315.0,117371.3,6.60915687
2025-08-15 22:30:00,117371.3,117500.0,117371.2,117455.4,13.33654862
2025-08-15 22:45:00,117455.3,117750.1,117455.3,117703.7,39.15422125
2025-08-15 23:00:00,117703.7,117764.8,117325.0,117328.2,39.62170262
2025-08-15 23:15:00,117328.2,117328.2,117047.8,117173.0,25.4787098
2025-08-15 23:30:00,117174.0,117232.3,117095.0,117156.6,19.70069899
2025-08-15 23:45:00,117156.5,117336.0,117121.0,117336.0,12.05378509
2025-08-16 00:00:00,117336.0,117501.9,117224.4,117501.8,31.17151555
2025-08-16 00:15:00,117501.8,117567.7,117356.6,117479.0,19.94607059
2025-08-16 00:30:00,117478.9,117697.0,117478.9,117683.2,12.06525497
2025-08-16 00:45:00,117683.0,117780.0,117668.1,117736.3,17.86552864
2025-08-16 01:00:00,117736.4,117780.3,117630.6,117769.3,33.11365007
2025-08-16 01:15:00,117769.2,117799.0,117632.1,117714.2,24.17745863
2025-08-16 01:30:00,117714.2,117848.9,117714.2,117788.9,27.66116665
2025-08-16 01:45:00,117789.0,117894.4,117774.3,117818.1,21.63176008
2025-08-16 02:00:00,117818.1,117818.1,117617.2,117652.9,35.96324557
2025-08-16 02:15:00,117652.9,117701.8,117593.5,117631.0,36.82824439
2025-08-16 02:30:00,117630.9,117651.4,117533.3,117551.0,19.67449746
2025-08-16 02:45:00,117550.1,117611.0,117450.4,117506.3,23.00576061
2025-08-16 03:00:00,117506.3,117627.1,117423.8,117623.8,15.57065565
2025-08-16 03:15:00,117622.4,117663.2,117588.9,117653.1,10.83038127
2025-08-16 03:30:00,117652.8,117652.8,117530.9,117530.9,12.28689407
2025-08-16 03:45:00,117530.8,117588.9,117398.4,117431.5,27.79651802
2025-08-16 04:00:00,117431.5,117501.9,117422.9,117462.8,24.07618762
2025-08-16 04:15:00,117462.9,117816.2,117440.1,117816.2,39.69873414
2025-08-16 04:30:00,117816.1,117833.7,117718.1,117739.4,17.51340363
2025-08-16 04:45:00,117739.5,117888.5,117739.3,117820.6,28.38068448
2025-08-16 05:00:00,117820.7,117851.0,117738.9,117745.9,21.93926124
2025-08-16 05:15:00,117745.0,117745.0,117564.5,117599.9,22.35679835
2025-08-16 05:30:00,117599.9,117646.1,117529.3,117553.4,11.16704455
2025-08-16 05:45:00,117553.5,117620.5,117543.9,117589.1,19.47413617
2025-08-16 06:00:00,117590.0,117631.1,117440.0,117440.0,20.01495361
2025-08-16 06:15:00,117439.9,117497.0,117400.9,117458.7,16.40501459
2025-08-16 06:30:00,117458.0,117474.9,117286.9,117377.9,23.63713392
2025-08-16 06:45:00,117377.8,117456.1,117364.2,117406.0,22.04706746
2025-08-16 07:00:00,117405.3,117520.2,117358.9,117473.6,85.6907015
2025-08-16 07:15:00,117473.7,117508.1,117396.8,117508.1,27.40479012
2025-08-16 07:30:00,117508.1,117659.8,117508.1,117629.9,20.65028601
2025-08-16 07:45:00,117630.0,117670.1,117604.0,117604.0,21.82735355
2025-08-16 08:00:00,117604.1,117604.1,117521.6,117538.0,16.41255115
2025-08-16 08:15:00,117538.5,117557.2,117509.1,117530.0,16.25856991
2025-08-16 08:30:00,117530.0,117663.9,117529.0,117618.8,21.69035214
2025-08-16 08:45:00,117621.9,117665.0,117580.1,117631.8,7.94718459
2025-08-16 09:00:00,117631.9,117705.6,117549.9,117645.0,13.59393903
2025-08-16 09:15:00,117644.9,117682.0,117626.0,117663.0,9.68969312
2025-08-16 09:30:00,117663.1,117691.6,117607.1,117647.7,24.09127163
2025-08-16 09:45:00,117647.8,117657.0,117314.1,117314.1,93.2351006
2025-08-16 10:00:00,117314.2,117431.0,117232.4,117309.1,70.19069803
2025-08-16 10:15:00,117309.0,117366.9,117136.0,117337.9,71.15964125
2025-08-16 10:30:00,117337.9,117384.9,117241.0,117340.3,70.70451878
2025-08-16 10:45:00,117336.3,117396.6,117319.1,117383.1,30.29105782
2025-08-16 11:00:00,117383.1,117492.8,117383.1,117492.8,16.08460537
2025-08-16 11:15:00,117492.7,117529.9,117492.7,117499.0,12.12881229
2025-08-16 11:30:00,117498.9,117499.0,117409.9,117410.0,19.09133392
2025-08-16 11:45:00,117410.0,117452.9,117361.2,117373.2,43.97707372
2025-08-16 12:00:00,117373.3,117430.8,117358.8,117429.5,27.38834853
2025-08-16 12:15:00,117429.6,117502.8,117330.6,117502.8,43.99416694
2025-08-16 12:30:00,117502.9,117721.6,117502.9,117649.1,46.60360282
2025-08-16 12:45:00,117649.2,117733.3,117614.7,117733.3,18.85689765
2025-08-16 13:00:00,117733.3,117772.0,117641.6,117687.0,24.59303209
2025-08-16 13:15:00,117687.0,117779.2,117686.9,117746.8,18.13805117
2025-08-16 13:30:00,117746.7,117775.5,117644.8,117648.6,32.28440598
2025-08-16 13:45:00,117648.7,117724.2,117595.3,117623.8,32.08684167
2025-08-16 14:00:00,117623.8,117721.4,117574.8,117659.9,34.90537927
2025-08-16 14:15:00,117660.0,117760.6,117553.5,117756.1,31.59718357
2025-08-16 14:30:00,117756.0,117756.0,117651.8,117696.7,29.65942432
2025-08-16 14:45:00,117696.8,117768.8,117696.7,117768.8,11.28307684
2025-08-16 15:00:00,117768.8,117821.9,117663.4,117737.8,26.83476839
2025-08-16 15:15:00,117737.9,117768.7,117710.4,117768.6,14.32067403
2025-08-16 15:30:00,117768.7,117768.7,117627.5,117653.1,21.53817632
2025-08-16 15:45:00,117653.2,117722.4,117653.1,117681.6,13.2450558
2025-08-16 16:00:00,117681.6,117770.7,117681.6,117770.6,18.44940748
2025-08-16 16:15:00,117770.6,117803.2,117740.4,117799.0,17.71757132
2025-08-16 16:30:00,117799.1,117814.5,117736.8,117738.8,11.64573894
2025-08-16 16:45:00,117738.8,117776.5,117738.8,117749.9,18.04730043
2025-08-16 17:00:00,117750.0,117750.0,117667.8,117695.1,22.88613594
2025-08-16 17:15:00,117695.0,117714.8,117657.9,117714.8,11.77266097
2025-08-16 17:30:00,117714.8,117714.8,117661.9,117661.9,5.16377459
2025-08-16 17:45:00,117662.0,117708.1,117659.9,117696.1,18.67695199
2025-08-16 18:00:00,117696.2,117716.0,117668.2,117716.0,34.42790643
2025-08-16 18:15:00,117716.0,117739.9,117676.3,117685.0,30.88145873
2025-08-16 18:30:00,117685.0,117691.7,117665.6,117665.6,6.93193803
2025-08-16 18:45:00,117665.4,117686.0,117632.8,117674.4,15.15292888
2025-08-16 19:00:00,117674.4,117674.4,117652.0,117661.5,6.27928293
2025-08-16 19:15:00,117661.6,117686.4,117661.5,117686.1,8.61965259
2025-08-16 19:30:00,117686.1,117754.8,117686.1,117754.7,20.03675583
2025-08-16 19:45:00,117754.8,117754.8,117678.2,117678.2,14.07800216
2025-08-16 20:00:00,117678.2,117678.2,117523.9,117597.3,26.47983917
2025-08-16 20:15:00,117597.3,117694.1,117597.3,117655.9,19.08926897
2025-08-16 20:30:00,117655.8,117669.9,117633.9,117669.9,9.09425051
2025-08-16 20:45:00,117669.9,117692.9,117620.0,117637.8,8.07291532
2025-08-16 21:00:00,117637.9,117637.9,117579.8,117579.8,6.38338285
2025-08-16 21:15:00,117579.8,117591.5,117572.8,117591.5,2.66167808
2025-08-16 21:30:00,117591.4,117591.5,117430.0,117471.0,9.95614626
2025-08-16 21:45:00,117471.1,117522.8,117449.6,117449.6,12.75961209
2025-08-16 22:00:00,117449.7,117449.7,117217.7,117406.6,30.38390207
2025-08-16 22:15:00,117406.6,117455.6,117406.5,117435.1,5.57356975
2025-08-16 22:30:00,117435.1,117539.3,117435.0,117507.7,11.67874522
2025-08-16 22:45:00,117507.7,117524.9,117457.3,117468.7,6.22958258
2025-08-16 23:00:00,117468.7,117468.7,117414.1,117420.3,12.19558715
2025-08-16 23:15:00,117420.3,117420.3,117300.1,117300.1,19.68098793
2025-08-16 23:30:00,117300.0,117351.0,117283.5,117346.4,15.33256386
2025-08-16 23:45:00,117346.3,117460.9,117346.3,117383.0,6.21341247
2025-08-17 00:00:00,117382.3,117382.3,117314.5,117338.8,21.40852916
2025-08-17 00:15:00,117338.8,117366.2,117288.9,117357.0,9.34215249
2025-08-17 00:30:00,117356.9,117413.3,117289.1,117321.4,15.44308437
2025-08-17 00:45:00,117321.4,117330.9,117258.8,117264.7,18.06082726
2025-08-17 01:00:00,117263.1,117274.9,117178.6,117274.8,25.23244303
2025-08-17 01:15:00,117274.8,117326.8,117203.1,117319.6,13.86575366
2025-08-17 01:30:00,117318.8,117482.9,117310.1,117383.0,13.90837267
2025-08-17 01:45:00,117382.9,117458.9,117349.9,117434.0,15.49774849
2025-08-17 02:00:00,117434.0,117491.0,117419.8,117419.8,17.39956508
2025-08-17 02:15:00,117419.4,117538.6,117394.9,117538.6,22.36664167
2025-08-17 02:30:00,117538.7,117545.9,117458.1,117540.0,15.35325354
2025-08-17 02:45:00,117540.0,117612.7,117505.2,117612.6,14.06038268
2025-08-17 03:00:00,117612.5,117622.6,117548.2,117564.0,8.04933683
2025-08-17 03:15:00,117564.0,117571.2,117519.1,117571.2,11.88760877
2025-08-17 03:30:00,117571.1,117699.0,117552.6,117699.0,25.32148254
2025-08-17 03:45:00,117698.9,117750.4,117687.4,117687.5,9.26797105
2025-08-17 04:00:00,117687.4,117737.0,117687.4,117709.4,14.65080491
2025-08-17 04:15:00,117709.4,117764.6,117709.3,117764.6,8.50872275
2025-08-17 04:30:00,117764.5,117778.7,117764.5,117778.7,3.52897835
2025-08-17 04:45:00,117778.7,118170.7,117778.6,118066.3,53.23762474
2025-08-17 05:00:00,118067.5,118226.8,118035.2,118174.3,30.64786559
2025-08-17 05:15:00,118174.3,118188.4,118101.1,118124.1,28.33069751
2025-08-17 05:30:00,118124.1,118136.0,118008.3,118035.5,36.8426381
2025-08-17 05:45:00,118035.5,118074.0,118008.0,118008.1,15.74881986
2025-08-17 06:00:00,118008.1,118106.0,118008.1,118105.9,14.69431614
2025-08-17 06:15:00,118105.9,118106.0,118053.2,118093.7,18.67624137
2025-08-17 06:30:00,118093.6,118093.6,117926.0,117967.9,21.97270029
2025-08-17 06:45:00,117967.8,117976.6,117915.2,117918.3,10.72725623
2025-08-17 07:00:00,117918.2,118005.1,117843.1,118005.1,22.97345193
2025-08-17 07:15:00,118005.1,118029.6,117967.0,117967.1,18.27424101
2025-08-17 07:30:00,117967.1,117980.0,117910.9,117979.9,8.87589649
2025-08-17 07:45:00,117979.9,118001.1,117956.9,118000.6,9.22747914
2025-08-17 08:00:00,118000.6,118023.1,117929.3,117929.4,10.73567527
2025-08-17 08:15:00,117929.4,117992.6,117929.3,117992.5,13.03344416
2025-08-17 08:30:00,117992.6,118140.1,117992.5,118120.0,20.44096947
2025-08-17 08:45:00,118119.9,118376.7,118115.0,118374.8,69.96719621
2025-08-17 09:00:00,118374.8,118413.4,118235.7,118284.6,24.84458684
2025-08-17 09:15:00,118284.6,118472.2,118262.6,118341.0,23.08099271
2025-08-17 09:30:00,118341.0,118377.0,118243.7,118306.8,32.87952717
2025-08-17 09:45:00,118306.9,118344.5,118285.6,118338.6,11.1273316
2025-08-17 10:00:00,118338.6,118338.7,118229.1,118231.9,34.98127681
2025-08-17 10:15:00,118231.9,118254.6,118194.2,118227.9,16.20413813
2025-08-17 10:30:00,118227.8,118275.6,118196.0,118275.6,13.08831995
2025-08-17 10:45:00,118276.0,118379.4,118276.0,118379.4,13.27965496
2025-08-17 11:00:00,118379.5,118381.8,118290.1,118293.6,7.10719403
2025-08-17 11:15:00,118293.6,118348.0,118271.7,118339.2,15.69258625
2025-08-17 11:30:00,118339.3,118357.2,118285.9,118318.7,9.78657236
2025-08-17 11:45:00,118318.7,118354.6,118304.6,118309.4,5.63559238
2025-08-17 12:00:00,118309.5,118354.0,118220.5,118307.9,15.43136097
2025-08-17 12:15:00,118307.9,118336.2,118258.6,118258.6,18.54289706
2025-08-17 12:30:00,118258.7,118298.6,118224.0,118230.0,12.2889795
2025-08-17 12:45:00,118230.0,118249.9,118150.3,118162.3,12.40969167
2025-08-17 13:00:00,118162.4,118176.4,118091.0,118091.0,26.8241001
2025-08-17 13:15:00,118091.1,118176.0,118088.5,118176.0,17.73969774
2025-08-17 13:30:00,118176.1,118353.6,118165.2,118346.4,15.76946304
2025-08-17 13:45:00,118346.3,118574.3,118324.3,118427.7,26.7031919
2025-08-17 14:00:00,118427.8,118465.0,118353.0,118353.1,25.85008355
2025-08-17 14:15:00,118353.0,118353.0,118170.0,118249.0,26.77826526
2025-08-17 14:30:00,118248.9,118259.0,118171.0,118259.0,19.34705494
2025-08-17 14:45:00,118259.0,118301.2,118160.6,118160.7,13.50105428
2025-08-17 15:00:00,118160.7,118249.4,118150.8,118249.2,10.96406393
2025-08-17 15:15:00,118249.2,118249.3,118156.0,118156.1,16.73252985
2025-08-17 15:30:00,118156.1,118240.3,118156.0,118240.3,24.37784148
2025-08-17 15:45:00,118241.0,118258.0,118208.0,118246.9,13.14434135
2025-08-17 16:00:00,118247.0,118310.5,118062.6,118106.2,22.10957857
2025-08-17 16:15:00,118106.2,118180.7,117967.7,118078.4,32.70432236
2025-08-17 16:30:00,118078.3,118115.0,117931.2,117964.0,24.07922967
2025-08-17 16:45:00,117964.0,117987.0,117720.1,117827.6,41.28180081
2025-08-17 17:00:00,117827.5,117870.3,117756.5,117757.0,17.36336401
2025-08-17 17:15:00,117757.0,117857.2,117645.0,117810.8,26.22537269
2025-08-17 17:30:00,117810.8,117919.0,117810.8,117888.0,25.39659315
2025-08-17 17:45:00,117888.0,117913.9,117856.0,117906.0,9.18234541
2025-08-17 18:00:00,117906.1,117932.4,117892.0,117917.6,9.1404734
2025-08-17 18:15:00,117917.6,117917.6,117735.9,117784.1,9.71780151
2025-08-17 18:30:00,117784.5,117825.3,117768.2,117819.9,4.28563768
2025-08-17 18:45:00,117820.0,117820.0,117311.0,117531.1,46.40706896
2025-08-17 19:00:00,117533.1,117726.0,117458.2,117688.1,14.88908635
2025-08-17 19:15:00,117688.2,117737.0,117654.9,117736.9,14.72646722
2025-08-17 19:30:00,117736.9,117737.0,117498.9,117513.5,34.065859
2025-08-17 19:45:00,117513.4,117611.2,117473.2,117561.2,22.88612328
2025-08-17 20:00:00,117561.3,117639.1,117504.4,117639.0,18.79513027
2025-08-17 20:15:00,117639.1,117691.8,117573.8,117627.1,18.69975319
2025-08-17 20:30:00,117627.2,117720.3,117627.2,117720.2,23.18035148
2025-08-17 20:45:00,117720.3,117728.3,117600.2,117600.2,25.71274734
2025-08-17 21:00:00,117600.3,117673.6,117600.2,117673.6,16.63817299
2025-08-17 21:15:00,117673.6,117692.1,117595.1,117629.6,15.37142609
2025-08-17 21:30:00,117629.5,117717.1,117606.0,117717.0,14.34068779
2025-08-17 21:45:00,117717.1,117755.6,117679.0,117691.0,14.01615649
2025-08-17 22:00:00,117691.0,117860.6,117688.5,117809.7,46.34137422
2025-08-17 22:15:00,117809.7,117821.7,117742.7,117759.2,38.93650464
2025-08-17 22:30:00,117759.2,117957.0,117759.2,117957.0,23.47087802
2025-08-17 22:45:00,117956.9,117984.5,117932.1,117954.5,13.36034897
2025-08-17 23:00:00,117954.6,117966.9,117745.0,117773.9,56.25459824
2025-08-17 23:15:00,117773.9,117823.6,117482.9,117552.3,51.12697708
2025-08-17 23:30:00,117552.3,117596.1,117489.9,117575.9,23.44089137
2025-08-17 23:45:00,117575.9,117575.9,117374.8,117404.3,16.58130501
2025-08-18 00:00:00,117404.3,117535.9,117345.7,117509.7,48.4363227
2025-08-18 00:15:00,117509.6,117509.6,117100.3,117150.4,74.69808106
2025-08-18 00:30:00,117150.4,117366.0,117012.9,117265.4,46.00312937
2025-08-18 00:45:00,117265.4,117333.0,117174.7,117289.3,63.24206706
2025-08-18 01:00:00,117289.4,117385.7,117267.0,117288.8,51.8947171
2025-08-18 01:15:00,117289.8,117394.6,116673.1,116675.4,132.80191672
2025-08-18 01:30:00,116675.4,116929.9,116358.3,116437.3,192.80031526
2025-08-18 01:45:00,116437.3,116474.8,116189.3,116286.1,73.61397696
2025-08-18 02:00:00,116286.0,116331.0,115918.8,115996.0,88.96521793
2025-08-18 02:15:00,115995.0,116029.0,115736.0,115787.1,95.60083784
2025-08-18 02:30:00,115787.0,116060.3,115681.0,115902.5,70.15006926
2025-08-18 02:45:00,115902.6,115920.4,115307.3,115454.3,86.30695961
2025-08-18 03:00:00,115454.2,115636.4,115444.2,115487.0,40.46153788
2025-08-18 03:15:00,115486.0,115540.9,115336.5,115358.6,38.08395713
2025-08-18 03:30:00,115358.5,115416.4,115126.9,115166.0,91.51233719
2025-08-18 03:45:00,115166.1,115388.8,115013.0,115331.2,52.17919167
2025-08-18 04:00:00,115331.1,115383.8,115086.7,115343.5,44.53403267
2025-08-18 04:15:00,115343.5,115447.8,115195.9,115439.3,26.08056638
2025-08-18 04:30:00,115439.3,115512.7,115403.3,115421.1,22.75955594
2025-08-18 04:45:00,115421.1,115535.1,115421.1,115475.3,15.61021652
2025-08-18 05:00:00,115475.3,115682.5,115475.3,115673.0,37.34994077
2025-08-18 05:15:00,115673.0,115679.7,115589.1,115589.1,20.48624731
2025-08-18 05:30:00,115589.1,115589.1,115145.9,115169.5,58.05861532
2025-08-18 05:45:00,115169.6,115689.2,115000.0,115689.2,87.91443772
2025-08-18 06:00:00,115689.2,115716.3,115435.7,115444.7,59.46767768
2025-08-18 06:15:00,115444.7,115520.5,115050.0,115192.9,98.5016496
2025-08-18 06:30:00,115192.8,115353.3,114906.0,115051.8,103.33527989
2025-08-18 06:45:00,115051.9,115270.8,114881.9,115261.7,53.98813563
2025-08-18 07:00:00,115261.7,115464.2,115228.2,115248.7,50.26190221
2025-08-18 07:15:00,115248.8,115453.1,115218.6,115351.3,47.45518597
2025-08-18 07:30:00,115351.3,115466.7,115198.1,115391.9,31.25578677
2025-08-18 07:45:00,115392.0,115423.2,115197.8,115211.1,23.56902099
2025-08-18 08:00:00,115211.1,115369.4,115102.9,115102.9,26.77027582
2025-08-18 08:15:00,115102.8,115345.2,115087.3,115345.2,34.57198829
2025-08-18 08:30:00,115345.6,115410.8,115272.2,115283.4,28.28419955
2025-08-18 08:45:00,115283.5,115297.0,115129.7,115137.7,39.77293018
2025-08-18 09:00:00,115137.8,115138.5,114898.6,114934.0,43.17960083
2025-08-18 09:15:00,114934.0,114970.8,114669.1,114694.7,64.85376827
2025-08-18 09:30:00,114694.7,115080.4,114658.9,115025.2,55.84073299
2025-08-18 09:45:00,115024.5,115136.6,114980.3,115028.1,50.94824429
2025-08-18 10:00:00,115028.1,115158.7,115005.4,115082.4,43.55820822
2025-08-18 10:15:00,115082.4,115251.9,114973.6,114978.5,50.48368548
2025-08-18 10:30:00,114979.5,115240.0,114979.4,115239.9,17.71305302
2025-08-18 10:45:00,115239.9,115250.7,115028.8,115057.7,20.19835153
2025-08-18 11:00:00,115057.7,115126.8,115007.9,115111.8,18.84532581
2025-08-18 11:15:00,115111.7,115111.7,114926.0,114979.0,16.7911737
2025-08-18 11:30:00,114979.0,115009.1,114916.1,114973.5,25.08040692
2025-08-18 11:45:00,114973.4,114993.1,114864.5,114952.0,19.6264238
2025-08-18 12:00:00,114951.9,115185.4,114906.4,115137.8,23.08857374
2025-08-18 12:15:00,115137.7,115187.8,114990.0,115125.1,41.22656639
2025-08-18 12:30:00,115125.1,115340.6,115087.9,115332.9,52.51297343
2025-08-18 12:45:00,115332.8,115519.6,115207.3,115519.6,38.53629269
2025-08-18 13:00:00,115519.5,115630.0,115431.8,115519.7,53.77038026
2025-08-18 13:15:00,115519.7,115692.0,115519.7,115645.1,35.31158883
2025-08-18 13:30:00,115645.1,115722.7,115281.1,115370.9,75.8434808
2025-08-18 13:45:00,115367.9,115482.2,114792.3,114831.5,65.3141833
2025-08-18 14:00:00,114831.5,115206.4,114831.5,115206.4,80.63030708
2025-08-18 14:15:00,115206.4,115506.5,115153.5,115372.0,84.95726685
2025-08-18 14:30:00,115371.9,115371.9,115137.0,115143.0,35.71503639
2025-08-18 14:45:00,115143.9,115635.7,114915.6,115635.7,45.72419065
2025-08-18 15:00:00,115635.6,115717.5,115456.4,115468.0,41.34803039
2025-08-18 15:15:00,115468.0,115688.6,115399.0,115627.4,47.91048384
2025-08-18 15:30:00,115627.4,115901.5,115547.4,115762.0,74.45058076
2025-08-18 15:45:00,115762.0,116169.6,115762.0,116144.4,69.94334302
2025-08-18 16:00:00,116144.5,116340.4,116086.4,116086.4,56.06080866
2025-08-18 16:15:00,116086.3,116162.0,115985.4,116031.7,38.56935294
2025-08-18 16:30:00,116031.8,116088.4,115844.3,116069.7,41.85811939
2025-08-18 16:45:00,116069.0,116239.1,115945.2,115971.1,52.21082507
2025-08-18 17:00:00,115971.1,116241.5,115971.0,116241.4,42.66007062
2025-08-18 17:15:00,116241.4,116674.6,116241.4,116506.2,64.30054399
2025-08-18 17:30:00,116506.2,116786.6,116506.2,116532.6,59.67136052
2025-08-18 17:45:00,116532.5,116609.6,116426.2,116426.2,55.3514245
2025-08-18 18:00:00,116426.2,116428.9,116305.7,116350.0,28.97686596
2025-08-18 18:15:00,116350.0,116446.1,116242.9,116359.5,30.97212382
2025-08-18 18:30:00,116359.6,116530.0,116359.5,116468.1,24.91110364
2025-08-18 18:45:00,116468.1,116569.7,116468.1,116483.5,17.50786252
2025-08-18 19:00:00,116483.5,116627.0,116262.6,116272.0,44.22602255
2025-08-18 19:15:00,116272.0,116350.6,116202.2,116349.4,34.39109568
2025-08-18 19:30:00,116349.4,116389.0,116231.8,116258.1,30.60806059
2025-08-18 19:45:00,116258.0,116388.4,116231.6,116308.1,31.01030618
2025-08-18 20:00:00,116308.1,116454.0,116235.8,116453.9,25.14057885
2025-08-18 20:15:00,116453.9,116490.1,116336.6,116490.1,21.52781106
2025-08-18 20:30:00,116490.0,116519.9,115990.8,116082.7,38.08456131
2025-08-18 20:45:00,116085.0,116403.3,116079.9,116403.3,36.71371738
2025-08-18 21:00:00,116403.4,116570.8,116403.4,116570.7,44.32520692
2025-08-18 21:15:00,116570.8,116669.7,116537.3,116647.7,14.12763558
2025-08-18 21:30:00,116647.6,116649.8,116448.7,116463.3,16.71426614
2025-08-18 21:45:00,116463.3,116650.7,116463.3,116647.9,10.38826235
2025-08-18 22:00:00,116648.0,116969.2,116648.0,116884.0,41.51151803
2025-08-18 22:15:00,116884.0,116970.7,116883.3,116929.9,20.44181692
2025-08-18 22:30:00,116929.9,116936.2,116743.9,116743.9,31.69012677
2025-08-18 22:45:00,116743.8,116743.9,116397.0,116397.1,37.97694018
2025-08-18 23:00:00,116397.1,116551.9,116397.1,116418.0,18.73884522
2025-08-18 23:15:00,116417.9,116426.1,116292.0,116292.1,41.08666893
2025-08-18 23:30:00,116292.0,116338.6,116214.9,116214.9,12.36261412
2025-08-18 23:45:00,116214.9,116259.8,116103.6,116228.4,24.0592801
2025-08-19 00:00:00,116228.5,116305.8,116168.5,116271.0,26.1671657
2025-08-19 00:15:00,116270.6,116309.6,115933.6,115936.0,63.94349903
2025-08-19 00:30:00,115936.0,116191.0,115523.2,116031.9,59.77705132
2025-08-19 00:45:00,116031.0,116551.6,116031.0,116551.6,101.92227238
2025-08-19 01:00:00,116551.8,116717.3,116426.4,116426.5,111.14986704
2025-08-19 01:15:00,116426.5,116462.0,116212.1,116212.1,46.95158923
2025-08-19 01:30:00,116212.1,116212.1,115943.1,115983.0,40.42414661
2025-08-19 01:45:00,115993.9,116020.0,115731.7,115796.9,48.77152741
2025-08-19 02:00:00,115797.0,115929.7,115717.6,115873.0,35.29404616
2025-08-19 02:15:00,115872.7,115895.9,115657.6,115837.8,38.97831146
2025-08-19 02:30:00,115836.9,115955.1,115768.1,115890.4,32.29971194
2025-08-19 02:45:00,115890.0,116040.1,115732.2,115750.8,36.1065786
2025-08-19 03:00:00,115750.8,115761.6,115451.2,115600.4,52.08537691
2025-08-19 03:15:00,115600.3,115661.4,115272.0,115368.9,31.75824565
2025-08-19 03:30:00,115368.9,115368.9,114878.7,114981.0,45.44321216
2025-08-19 03:45:00,114980.0,115018.8,114799.3,114815.9,35.26127677
2025-08-19 04:00:00,114815.9,114972.9,114365.3,114779.0,101.73036725
2025-08-19 04:15:00,114778.0,115025.2,114660.1,114895.8,48.33353468
2025-08-19 04:30:00,114895.8,115237.0,114895.7,115236.9,45.56899102
2025-08-19 04:45:00,115236.9,115362.4,115141.7,115305.3,34.67068416
2025-08-19 05:00:00,115305.2,115463.5,115129.1,115208.0,38.92412097
2025-08-19 05:15:00,115208.6,115416.9,115170.7,115381.5,30.21017139
2025-08-19 05:30:00,115381.5,115407.9,115103.6,115103.7,30.52697733
2025-08-19 05:45:00,115103.7,115103.7,114945.1,114965.7,25.35788881
2025-08-19 06:00:00,114965.8,115097.5,114922.0,115031.3,25.53257622
2025-08-19 06:15:00,115031.3,115219.3,114912.0,115128.4,30.31268169
2025-08-19 06:30:00,115128.4,115128.5,114974.0,115000.8,22.42239428
2025-08-19 06:45:00,115000.7,115091.2,114935.0,115016.0,19.96390914
2025-08-19 07:00:00,115016.1,115047.9,114840.5,114872.1,18.1143096
2025-08-19 07:15:00,114872.3,114885.6,114663.0,114714.0,32.84308086
2025-08-19 07:30:00,114713.0,114962.6,114621.4,114797.3,32.82201175
2025-08-19 07:45:00,114797.3,114991.6,114797.2,114977.2,21.37453583
2025-08-19 08:00:00,114977.3,115044.1,114806.1,115044.0,23.74674764
2025-08-19 08:15:00,115044.1,115105.2,114962.3,114980.3,18.54094347
2025-08-19 08:30:00,114980.1,115034.1,114806.9,115018.1,24.60500575
2025-08-19 08:45:00,115018.1,115294.6,114972.9,115194.6,32.50756786
2025-08-19 09:00:00,115194.6,115385.5,115189.9,115364.5,47.73667806
2025-08-19 09:15:00,115359.0,115426.4,115278.9,115426.3,33.33828826
2025-08-19 09:30:00,115426.3,115487.7,115356.6,115412.2,54.50266032
2025-08-19 09:45:00,115412.3,115437.2,115274.5,115324.0,21.32476477
2025-08-19 10:00:00,115324.0,115500.6,115320.9,115408.0,17.69925719
2025-08-19 10:15:00,115407.1,115578.0,115407.0,115517.1,21.010305
2025-08-19 10:30:00,115517.1,115534.4,115327.9,115428.0,23.96571393
2025-08-19 10:45:00,115428.0,115435.5,115343.4,115392.1,13.36371958
2025-08-19 11:00:00,115393.1,115611.8,115393.1,115582.0,23.60207231
2025-08-19 11:15:00,115582.1,115646.5,115569.6,115577.8,15.00447384
2025-08-19 11:30:00,115577.0,115581.1,115476.8,115476.8,13.57287764
2025-08-19 11:45:00,115476.9,115583.2,115476.0,115517.5,25.03578731
2025-08-19 12:00:00,115517.5,115580.8,115420.3,115580.8,42.55246201
2025-08-19 12:15:00,115580.7,115600.0,115489.7,115518.6,24.4772142
2025-08-19 12:30:00,115518.6,115547.1,115402.5,115495.5,16.78058853
2025-08-19 12:45:00,115495.5,115592.1,115286.4,115592.1,35.89548973
2025-08-19 13:00:00,115592.2,115662.6,115508.9,115521.3,47.70257688
2025-08-19 13:15:00,115521.3,115781.7,115521.2,115746.6,41.73483723
2025-08-19 13:30:00,115746.8,115875.7,115039.3,115139.4,122.14356758
2025-08-19 13:45:00,115129.6,115378.0,114895.2,115181.8,82.83317973
2025-08-19 14:00:00,115182.8,115370.1,114767.2,114793.6,72.52610219
2025-08-19 14:15:00,114794.0,114827.0,114575.0,114602.0,27.28169972
2025-08-19 14:30:00,114139.0,114500.1,113806.4,113932.7,136.74224184
2025-08-19 14:45:00,113932.7,113932.7,113814.7,113826.2,5.24571838
2025-08-19 15:00:00,113893.1,114012.0,113577.1,113658.7,110.97526881
2025-08-19 15:15:00,113658.7,114163.1,113646.1,114163.0,50.80203399
2025-08-19 15:30:00,114076.1,114112.2,113902.1,114067.0,50.93285544
2025-08-19 15:45:00,114119.2,114119.2,113736.9,113794.0,73.05605864
2025-08-19 16:00:00,113769.7,113879.9,113708.0,113708.0,88.8943523
2025-08-19 16:15:00,113708.1,113828.1,113656.2,113695.4,51.20547417
2025-08-19 16:30:00,113642.9,113820.7,113432.0,113585.1,110.13316242
2025-08-19 16:45:00,113585.1,113588.4,113430.8,113437.7,13.87999531
2025-08-19 17:00:00,113388.3,113489.4,113081.3,113288.7,83.90839405
2025-08-19 17:15:00,113288.7,113343.6,113166.8,113286.1,12.98011986
2025-08-19 17:30:00,113426.0,113576.1,113414.0,113471.4,68.00781747
2025-08-19 17:45:00,113475.0,113522.1,113302.2,113383.1,49.47790958
2025-08-19 18:00:00,113524.1,113524.1,113373.1,113375.9,56.66277864
2025-08-19 18:15:00,113375.0,113466.3,113251.4,113251.4,29.03562556
2025-08-19 18:30:00,113251.4,113251.4,113236.7,113236.7,0.10325487
2025-08-19 18:45:00,113006.0,113074.0,112833.0,112864.0,76.90782872
2025-08-19 19:00:00,113070.0,113070.0,112824.6,112833.1,139.98963321
2025-08-19 19:15:00,112833.1,112833.1,112820.4,112821.0,35.18246361
2025-08-19 19:30:00,113401.1,113546.0,113327.1,113522.9,32.26291785
2025-08-19 19:45:00,113422.6,113510.9,113288.8,113319.1,37.13717171
2025-08-19 20:00:00,113133.7,113293.7,112935.3,112992.9,71.64263153
2025-08-19 20:15:00,112987.1,113204.4,112987.1,113150.1,27.74923785
2025-08-19 20:30:00,113306.0,113488.9,113306.0,113473.9,30.00617638
2025-08-19 20:45:00,113415.9,113484.3,113410.1,113472.9,22.3420398
2025-08-19 21:00:00,113563.9,113585.0,113474.0,113523.9,26.71188429
2025-08-19 21:15:00,113523.9,113561.0,113481.2,113498.5,12.09020738
2025-08-19 21:30:00,113514.3,113559.4,113514.3,113532.0,7.31571338
2025-08-19 21:45:00,113509.0,113509.1,113446.0,113450.5,8.9788663
2025-08-19 22:00:00,113420.2,113444.0,113117.1,113175.0,45.21759313
2025-08-19 22:15:00,113175.0,113234.8,113083.1,113149.0,14.0728669
2025-08-19 22:30:00,113295.5,113330.0,113075.0,113152.0,44.52655501
2025-08-19 22:45:00,113196.9,113254.0,113125.0,113242.2,19.53714971
2025-08-19 23:00:00,113174.9,113193.0,112999.1,113003.6,19.86795093
2025-08-19 23:15:00,113003.6,113017.9,112884.1,112910.4,20.70005515
2025-08-19 23:30:00,112934.9,113150.1,112825.5,112872.5,32.85761521
2025-08-19 23:45:00,112965.2,112965.2,112819.9,112819.9,9.7004857
2025-08-20 00:00:00,112879.9,113276.9,112850.1,113032.9,55.35148815
2025-08-20 00:15:00,113021.7,113188.9,112869.0,113000.2,26.08792883
2025-08-20 00:30:00,112998.0,113271.6,112960.4,113261.6,37.12541434
2025-08-20 00:45:00,113261.6,113312.2,113211.2,113220.6,57.7134494
2025-08-20 01:00:00,113220.6,113401.6,113192.1,113238.1,47.80526584
2025-08-20 01:15:00,113238.1,113354.0,112919.4,112939.5,101.19538883
2025-08-20 01:30:00,112939.5,112986.3,112580.0,112696.6,87.69036151
2025-08-20 01:45:00,112696.6,112772.6,112696.6,112719.2,11.90343615
2025-08-20 02:00:00,113006.1,113285.4,112970.2,113282.5,108.73297717
2025-08-20 02:15:00,113282.4,113325.1,113246.0,113309.2,19.74239277
2025-08-20 02:30:00,113309.1,113363.0,113301.0,113354.9,15.90834537
2025-08-20 02:45:00,113354.9,113505.1,113316.2,113442.0,19.99590324
2025-08-20 03:00:00,113442.0,113525.6,113339.2,113374.1,25.15357555
2025-08-20 03:15:00,113388.2,113610.3,113359.2,113610.3,30.48695505
2025-08-20 03:30:00,113611.0,113634.4,113454.2,113478.3,28.44344728
2025-08-20 03:45:00,113478.3,113479.3,113443.2,113443.2,3.59970306
2025-08-20 04:00:00,113531.0,113659.0,113530.9,113604.5,59.99951144
2025-08-20 04:15:00,113604.4,113654.6,113593.9,113651.6,30.31954021
2025-08-20 04:30:00,113639.3,113694.0,113475.6,113555.5,53.78120928
2025-08-20 04:45:00,113555.5,113555.9,113524.0,113524.0,7.34024537
2025-08-20 05:00:00,113629.0,113633.6,113494.1,113516.1,21.5311869
2025-08-20 05:15:00,113516.2,113577.0,113474.9,113539.1,11.78057721
2025-08-20 05:30:00,113609.5,113638.5,113583.4,113627.2,21.00011853
2025-08-20 05:45:00,113628.2,113737.1,113616.7,113736.8,14.84240043
2025-08-20 06:00:00,113704.1,113729.1,113514.0,113517.0,19.83526023
2025-08-20 06:15:00,113517.0,113653.1,113506.0,113644.2,35.28476032
2025-08-20 06:30:00,113644.1,113694.0,113644.1,113684.1,8.22717402
2025-08-20 06:45:00,113683.1,113689.1,113586.0,113689.1,20.65050294
2025-08-20 07:00:00,113667.8,113746.8,113646.0,113722.5,30.44696742
2025-08-20 07:15:00,113722.5,113836.4,113722.5,113771.9,65.72178526
2025-08-20 07:30:00,113727.7,113727.8,113588.1,113650.8,28.65676831
2025-08-20 07:45:00,113614.2,113661.2,113532.6,113538.7,18.33724927
2025-08-20 08:00:00,113479.8,113601.6,113406.1,113601.5,47.88744946
2025-08-20 08:15:00,113601.5,113859.0,113601.5,113846.4,44.46024854
2025-08-20 08:30:00,113846.5,113846.5,113846.4,113846.5,0.09662217
2025-08-20 08:45:00,113961.7,113986.5,113917.4,113917.4,4.83180312
2025-08-20 09:00:00,114018.4,114018.4,113820.4,113870.9,45.3505229
2025-08-20 09:15:00,113870.9,113871.0,113775.6,113813.9,9.02558546
2025-08-20 09:30:00,113797.9,113948.9,113785.2,113930.7,42.31391364
2025-08-20 09:45:00,113881.0,113910.0,113639.1,113648.1,13.82835638
2025-08-20 10:00:00,113698.4,113808.6,113651.0,113671.1,27.76494319
2025-08-20 10:15:00,113671.0,113796.2,113645.1,113645.1,35.72921536
2025-08-20 10:30:00,113595.1,113774.9,113595.0,113774.9,33.24347112
2025-08-20 10:45:00,113774.9,113779.1,113774.9,113779.0,0.79409786
2025-08-20 11:00:00,113795.2,113851.5,113578.0,113583.8,19.03991727
2025-08-20 11:15:00,113583.8,113591.8,113507.3,113531.5,12.64368547
2025-08-20 11:30:00,113455.5,113455.5,113210.0,113267.6,26.4553181
2025-08-20 11:45:00,113174.5,113565.0,113129.8,113564.9,26.51103016
2025-08-20 12:00:00,113660.5,113944.1,113660.5,113814.0,51.75610696
2025-08-20 12:15:00,113814.9,113865.6,113524.5,113720.1,34.04914457
2025-08-20 12:30:00,113720.0,113856.9,113680.3,113845.2,39.0202565
2025-08-20 12:45:00,113845.2,113861.6,113681.3,113721.1,29.47952449
2025-08-20 13:00:00,113665.9,113665.9,113301.0,113318.7,37.64034204
2025-08-20 13:15:00,113318.7,113451.1,113261.6,113434.0,45.48234685
2025-08-20 13:30:00,113433.0,113433.0,113189.1,113215.1,18.60583707
2025-08-20 13:45:00,113131.1,113156.2,112600.3,112664.3,71.92823889
2025-08-20 14:00:00,112687.6,112992.7,112431.0,112719.2,108.1985198
2025-08-20 14:15:00,112718.2,112934.0,112380.5,112931.9,74.11902335
2025-08-20 14:30:00,113143.0,113838.1,113143.0,113502.3,169.0527732
2025-08-20 14:45:00,113502.3,113624.0,113502.3,113600.8,10.65991037
2025-08-20 15:00:00,113466.0,114029.4,113394.0,113903.4,39.83358187
2025-08-20 15:15:00,113903.3,114420.4,113890.4,114216.0,110.79894308
2025-08-20 15:30:00,114308.5,114308.5,113990.3,113990.3,104.87178775
2025-08-20 15:45:00,113912.3,113918.2,113400.0,113503.4,67.74525275
2025-08-20 16:00:00,113351.3,113640.0,113287.5,113640.0,47.94013356
2025-08-20 16:15:00,113640.1,114299.4,113640.1,114281.0,67.11610729
2025-08-20 16:30:00,114267.4,114276.6,113865.8,113964.9,52.25529934
2025-08-20 16:45:00,113964.9,113998.9,113898.7,113932.4,8.88986233
2025-08-20 17:00:00,113835.7,114132.3,113804.9,113918.2,36.84364625
2025-08-20 17:15:00,113918.1,113964.3,113847.5,113928.1,11.19529059
2025-08-20 17:30:00,113795.1,114126.6,113781.4,114126.6,45.7614757
2025-08-20 17:45:00,114257.9,114443.7,114112.9,114314.2,38.39937367
2025-08-20 18:00:00,114195.4,114264.0,113659.4,113659.4,83.59456031
2025-08-20 18:15:00,113659.5,113676.6,113301.2,113330.3,63.67340326
2025-08-20 18:30:00,113330.3,113405.0,113270.8,113270.8,8.89780516
2025-08-20 18:45:00,113617.2,113677.5,113547.8,113553.0,36.41869946
2025-08-20 19:00:00,113489.2,113958.9,113476.0,113944.3,89.76356019
2025-08-20 19:15:00,113944.3,113966.7,113897.0,113962.0,14.24150526
2025-08-20 19:30:00,114057.7,114140.1,113965.7,113965.8,37.5842498
2025-08-20 19:45:00,113978.7,114138.6,113965.1,114123.3,27.83665655
2025-08-20 20:00:00,114267.3,114267.3,114094.0,114094.0,44.01004465
2025-08-20 20:15:00,114094.1,114094.1,113999.9,114067.3,25.85099935
2025-08-20 20:30:00,114116.0,114261.8,114115.9,114205.2,42.03678467
2025-08-20 20:45:00,114228.5,114315.0,114199.0,114300.6,22.86774677
2025-08-20 21:00:00,114362.2,114454.1,114362.2,114367.2,29.52727263
2025-08-20 21:15:00,114367.2,114393.5,114041.7,114047.4,38.1824511
2025-08-20 21:30:00,114015.9,114202.8,113999.9,114202.8,22.02761656
2025-08-20 21:45:00,114355.9,114403.0,114262.8,114402.9,11.96896358
2025-08-20 22:00:00,114356.1,114456.9,114232.9,114302.0,55.81082261
2025-08-20 22:15:00,114302.0,114325.0,114212.2,114302.0,22.28266465
2025-08-20 22:30:00,114383.0,114504.0,114309.0,114503.9,46.17730736
2025-08-20 22:45:00,114511.3,114607.1,114511.3,114576.0,40.37947939
2025-08-20 23:00:00,114592.8,114593.0,114328.0,114328.0,41.35554514
2025-08-20 23:15:00,114328.1,114328.1,114248.3,114252.7,6.1971511
2025-08-20 23:30:00,114235.6,114312.0,114220.3,114312.0,13.69747506
2025-08-20 23:45:00,114335.2,114335.2,114223.0,114223.0,6.70525737
2025-08-21 00:00:00,114256.9,114258.5,114136.6,114139.0,73.91732372
2025-08-21 00:15:00,114139.0,114139.0,114017.8,114058.1,30.46365298
2025-08-21 00:30:00,114058.1,114424.2,114058.1,114422.9,77.6006116
2025-08-21 00:45:00,114421.6,114471.1,114271.5,114292.4,92.05409498
2025-08-21 01:00:00,114292.4,114316.9,114195.9,114195.9,48.46205891
2025-08-21 01:15:00,114195.7,114202.3,113956.2,114104.6,51.30371425
2025-08-21 01:30:00,114104.7,114407.9,114104.7,114340.9,50.58376465
2025-08-21 01:45:00,114340.8,114340.8,114258.4,114304.3,11.62605566
2025-08-21 02:00:00,114722.9,114803.0,114254.8,114254.8,110.51200544
2025-08-21 02:15:00,114254.9,114254.9,113904.8,114004.8,56.90124687
2025-08-21 02:30:00,114004.7,114023.0,113916.3,113984.9,29.68618606
2025-08-21 02:45:00,113985.0,114048.7,113910.0,114037.3,51.89238309
2025-08-21 03:00:00,114037.3,114415.1,114030.2,114415.1,36.79267231
2025-08-21 03:15:00,114364.9,114428.7,114221.0,114222.0,36.27681302
2025-08-21 03:30:00,114222.0,114258.2,114176.6,114196.6,22.3673072
2025-08-21 03:45:00,114196.5,114196.6,114167.4,114167.5,2.48754153
2025-08-21 04:00:00,113963.0,114004.0,113882.6,113902.4,25.72055839
2025-08-21 04:15:00,113902.4,113940.3,113883.1,113903.7,17.17821882
2025-08-21 04:30:00,113912.3,114027.8,113812.7,113855.7,41.46394205
2025-08-21 04:45:00,113855.8,113902.2,113855.8,113902.2,4.14769608
2025-08-21 05:00:00,113810.8,113836.9,113644.0,113676.1,24.64829966
2025-08-21 05:15:00,113676.1,113827.5,113676.1,113738.0,16.47348166
2025-08-21 05:30:00,113750.0,113867.2,113747.0,113857.9,18.78917702
2025-08-21 05:45:00,113864.0,114000.5,113864.0,113967.5,16.07338623
2025-08-21 06:00:00,113991.9,113991.9,113633.7,113648.8,25.15268847
2025-08-21 06:15:00,113648.9,113701.1,113627.8,113628.7,14.70662977
2025-08-21 06:30:00,113628.7,113789.6,113628.7,113738.8,21.00822888
2025-08-21 06:45:00,113759.4,113863.8,113739.9,113807.9,22.11286262
2025-08-21 07:00:00,113805.7,113805.7,113687.6,113687.6,5.98928572
2025-08-21 07:15:00,113656.0,113760.7,113583.0,113711.3,26.77192335
2025-08-21 07:30:00,113711.3,113721.8,113666.6,113721.8,10.19298659
2025-08-21 07:45:00,113876.0,113919.8,113848.9,113905.7,14.52772977
2025-08-21 08:00:00,113899.0,113985.0,113825.6,113935.7,23.90581864
2025-08-21 08:15:00,113935.6,113935.7,113682.6,113764.1,35.15310302
2025-08-21 08:30:00,113764.2,113812.1,113721.9,113777.0,18.62010777
2025-08-21 08:45:00,113776.8,113811.2,113655.1,113662.1,10.19886652
2025-08-21 09:00:00,113596.0,113603.0,113433.1,113469.6,31.20362493
2025-08-21 09:15:00,113469.3,113469.3,113313.1,113374.0,25.01770758
2025-08-21 09:30:00,113434.7,113573.1,113434.5,113552.2,20.76873987
2025-08-21 09:45:00,113606.0,113606.8,113419.0,113419.0,7.67364747
2025-08-21 10:00:00,113386.3,113451.0,113231.1,113393.0,23.31691322
2025-08-21 10:15:00,113393.1,113469.4,113273.0,113446.8,15.77571939
2025-08-21 10:30:00,113443.0,113461.2,113356.3,113430.0,19.2503942
2025-08-21 10:45:00,113430.0,113430.1,113423.0,113423.0,0.41424514
2025-08-21 11:00:00,113329.1,113521.0,113329.1,113507.9,24.48001709
2025-08-21 11:15:00,113508.0,113515.7,113438.0,113471.7,3.4162529
2025-08-21 11:30:00,113466.2,113527.7,113271.1,113295.9,14.17488844
2025-08-21 11:45:00,113380.0,113380.0,113050.0,113050.0,22.47407701
2025-08-21 12:00:00,113151.3,113209.9,113069.5,113167.3,21.29474999
2025-08-21 12:15:00,113167.2,113348.5,113039.5,113227.6,38.00016435
2025-08-21 12:30:00,113227.6,113409.7,113163.6,113163.7,61.70932038
2025-08-21 12:45:00,113163.6,113163.6,113098.0,113098.0,5.2082463
2025-08-21 13:00:00,113094.4,113254.7,113058.6,113179.9,27.84071402
2025-08-21 13:15:00,113180.0,113347.7,113134.9,113312.5,38.13486006
2025-08-21 13:30:00,113312.6,113324.0,113140.3,113214.0,20.63308391
2025-08-21 13:45:00,113537.2,113700.0,113154.6,113607.8,86.65938532
2025-08-21 14:00:00,113478.1,113869.0,113358.4,113848.2,49.23475412
2025-08-21 14:15:00,113848.1,113970.0,113761.0,113763.3,38.20045886
2025-08-21 14:30:00,113746.4,113746.4,112927.9,113185.7,54.80419219
2025-08-21 14:45:00,113185.7,113191.1,113044.5,113044.5,2.24358789
2025-08-21 15:00:00,113273.1,113378.8,112714.1,112714.1,56.28198159
2025-08-21 15:15:00,112714.0,113177.1,112606.7,113135.1,43.83968332
2025-08-21 15:30:00,113036.5,113132.1,112891.5,113111.1,60.09580303
2025-08-21 15:45:00,113024.1,113024.1,112800.1,112800.1,29.12561375
2025-08-21 16:00:00,112791.1,112912.9,112653.0,112840.8,115.33048136
2025-08-21 16:15:00,112840.8,112961.6,112633.5,112730.0,102.32150471
2025-08-21 16:30:00,112730.0,112864.6,112585.7,112631.9,66.37070314
2025-08-21 16:45:00,112607.1,112636.9,112499.6,112499.6,18.80843193
2025-08-21 17:00:00,112374.5,112438.8,112213.4,112228.9,61.40903023
2025-08-21 17:15:00,112228.9,112361.9,112228.9,112309.0,31.903633
2025-08-21 17:30:00,112250.4,112590.0,112204.7,112417.2,65.05372646
2025-08-21 17:45:00,112432.0,112548.8,112326.2,112384.0,18.49667679
2025-08-21 18:00:00,112405.1,112457.5,112246.3,112374.9,34.64844123
2025-08-21 18:15:00,112369.8,112599.3,112308.1,112505.1,38.66498467
2025-08-21 18:30:00,112505.1,112505.1,112389.1,112389.1,3.45957344
2025-08-21 18:45:00,112354.1,112629.9,112226.8,112607.1,22.024114
2025-08-21 19:00:00,112607.8,112719.9,112555.9,112557.3,41.08024021
2025-08-21 19:15:00,112557.9,112617.3,112557.9,112617.3,6.19129604
2025-08-21 19:30:00,112268.2,112268.2,112013.0,112059.2,24.69902032
2025-08-21 19:45:00,112110.3,112156.9,112032.2,112137.4,18.5697675
2025-08-21 20:00:00,112186.5,112332.0,112164.0,112325.9,64.01161851
2025-08-21 20:15:00,112325.1,112414.0,112306.3,112414.0,64.58299295
2025-08-21 20:30:00,112457.1,112457.1,112067.4,112304.4,69.52067776
2025-08-21 20:45:00,112355.4,112743.8,112345.0,112729.1,32.43749858
2025-08-21 21:00:00,112450.1,112590.7,112098.7,112514.8,36.99806452
2025-08-21 21:15:00,112514.8,112602.8,112319.1,112415.0,11.06374134
2025-08-21 21:30:00,112536.4,112730.1,112466.5,112537.0,17.47734825
2025-08-21 21:45:00,112499.3,112560.1,112471.3,112560.1,4.36000452
2025-08-21 22:00:00,112622.0,112640.0,112504.6,112626.3,8.71070501
2025-08-21 22:15:00,112626.2,112639.6,112586.0,112625.0,2.58805945
2025-08-21 22:30:00,112638.0,112638.0,112439.2,112439.2,11.26045562
2025-08-21 22:45:00,112438.7,112545.5,112426.0,112499.9,11.55260895
2025-08-21 23:00:00,112500.0,112500.0,112327.0,112327.0,6.54410547
2025-08-21 23:15:00,112327.0,112368.1,112306.3,112310.4,5.91386
2025-08-21 23:30:00,112459.4,112463.9,112325.8,112340.9,5.84625167
2025-08-21 23:45:00,112282.9,112397.2,112279.8,112397.2,3.36945327
2025-08-22 00:00:00,112496.5,112737.9,112496.4,112673.2,22.59441872
2025-08-22 00:15:00,112673.2,112777.0,112635.6,112657.5,31.7042796
2025-08-22 00:30:00,112657.2,112830.1,112633.8,112683.9,49.55412978
2025-08-22 00:45:00,112683.9,112692.3,112577.0,112618.7,38.40469236
2025-08-22 01:00:00,112618.7,112661.2,112343.2,112399.2,46.11103245
2025-08-22 01:15:00,112398.5,112769.1,112394.5,112766.2,31.58454599
2025-08-22 01:30:00,112766.3,112917.9,112718.2,112917.9,37.42324879
2025-08-22 01:45:00,112917.8,112917.9,112881.0,112892.5,4.19623506
2025-08-22 02:00:00,112845.0,113176.0,112792.8,113176.0,49.16001993
2025-08-22 02:15:00,113175.9,113504.0,113035.1,113502.9,55.00770244
2025-08-22 02:30:00,113498.1,113498.1,113270.7,113286.0,37.02872931
2025-08-22 02:45:00,113286.0,113414.5,113143.5,113143.6,34.96199097
2025-08-22 03:00:00,113143.6,113339.6,113119.1,113339.6,20.06475485
2025-08-22 03:15:00,113366.0,113366.0,113199.0,113203.3,27.94843257
2025-08-22 03:30:00,113203.4,113292.0,113094.1,113101.7,58.20460725
2025-08-22 03:45:00,113101.7,113105.8,113056.0,113065.9,8.79729795
2025-08-22 04:00:00,112918.7,113144.4,112918.7,113107.0,60.70085606
2025-08-22 04:15:00,113107.0,113248.1,113106.3,113128.6,55.16101275
2025-08-22 04:30:00,113042.0,113195.6,113008.0,113093.0,21.92124372
2025-08-22 04:45:00,113092.6,113092.6,113065.0,113065.1,0.91353242
2025-08-22 05:00:00,112845.0,113031.6,112844.9,113027.6,17.28522007
2025-08-22 05:15:00,113027.6,113060.1,112877.2,112959.0,14.02982635
2025-08-22 05:30:00,112941.3,113199.1,112941.3,112973.8,21.13291882
2025-08-22 05:45:00,113115.8,113262.7,113115.8,113251.6,15.23706438
2025-08-22 06:00:00,113250.7,113302.0,113064.1,113301.8,18.45139552
2025-08-22 06:15:00,113301.9,113382.4,113190.4,113241.5,40.66547884
2025-08-22 06:30:00,113241.6,113268.7,113084.0,113084.0,6.25978428
2025-08-22 06:45:00,112909.2,113061.5,112868.1,113020.0,28.74069899
2025-08-22 07:00:00,112984.0,113179.9,112954.0,113138.0,51.11696549
2025-08-22 07:15:00,113138.1,113247.3,112950.3,113242.5,38.39151903
2025-08-22 07:30:00,113154.7,113197.1,113116.7,113185.0,14.25879423
2025-08-22 07:45:00,113199.9,113200.0,113134.7,113151.9,17.26133776
2025-08-22 08:00:00,113095.0,113250.0,113059.0,113250.0,20.97351445
2025-08-22 08:15:00,113249.9,113318.1,113107.4,113244.9,37.27942453
2025-08-22 08:30:00,113244.8,113259.7,113001.7,113089.8,41.05836976
2025-08-22 08:45:00,113089.8,113089.8,112950.7,112972.8,12.79925101
2025-08-22 09:00:00,112980.3,113002.1,112849.9,112883.9,39.97013008
2025-08-22 09:15:00,112884.0,112955.4,112871.0,112905.9,21.78868362
2025-08-22 09:30:00,112969.3,113030.9,112815.8,112896.8,32.83799227
2025-08-22 09:45:00,112888.9,113107.7,112888.8,113107.7,34.26727546
2025-08-22 10:00:00,113038.9,113048.2,112771.9,112772.0,28.89819362
2025-08-22 10:15:00,112772.0,112772.0,112696.1,112696.1,19.58688598
2025-08-22 10:30:00,112718.8,112718.9,112562.7,112586.0,10.67935947
2025-08-22 10:45:00,112585.9,112621.9,112520.0,112522.6,38.3277433
2025-08-22 11:00:00,112529.7,112614.4,112303.0,112325.4,34.75213684
2025-08-22 11:15:00,112325.4,112353.9,112275.0,112329.7,20.74221031
2025-08-22 11:30:00,112281.9,112296.6,112195.1,112195.2,11.18567593
2025-08-22 11:45:00,112258.0,112380.0,112255.0,112375.9,9.21105044
2025-08-22 12:00:00,112318.3,112351.0,112000.0,112067.2,35.68121134
2025-08-22 12:15:00,112067.3,112190.5,112000.0,112048.7,21.89423413
2025-08-22 12:30:00,112048.8,112279.3,111687.0,112279.3,91.61146433
2025-08-22 12:45:00,112281.3,112715.6,112236.4,112339.8,94.41399764
2025-08-22 13:00:00,112339.8,112522.7,112179.7,112210.1,107.29425882
2025-08-22 13:15:00,112210.1,112282.8,112060.0,112247.9,19.98849176
2025-08-22 13:30:00,112293.3,112650.4,111946.4,112476.8,90.66118551
2025-08-22 13:45:00,112477.0,112603.1,112477.0,112603.1,3.48580847
2025-08-22 14:00:00,112485.0,115208.7,112475.8,115207.9,283.37894363
2025-08-22 14:15:00,115203.2,115753.3,114691.0,115023.0,163.51699528
2025-08-22 14:30:00,115195.7,116071.8,115195.7,115793.0,204.23556943
2025-08-22 14:45:00,115784.0,116092.0,115781.0,116068.2,87.36691517
2025-08-22 15:00:00,115804.1,116724.1,115804.1,116649.7,119.4293888
2025-08-22 15:15:00,116649.6,116970.5,116613.0,116884.7,45.15197494
2025-08-22 15:30:00,116720.0,116923.6,116679.0,116923.6,49.39925814
2025-08-22 15:45:00,116940.3,117287.5,116747.7,116773.6,74.39411546
2025-08-22 16:00:00,116362.0,116777.2,116362.0,116598.5,111.67088103
2025-08-22 16:15:00,116598.4,116598.4,116147.0,116424.0,157.59653634
2025-08-22 16:30:00,116406.9,116526.2,116401.0,116451.0,71.22606799
2025-08-22 16:45:00,116451.0,116451.0,116305.9,116305.9,17.5294139
2025-08-22 17:00:00,116144.0,116729.7,116144.0,116728.0,77.89047358
2025-08-22 17:15:00,116729.0,116911.3,116729.0,116911.3,45.27027149
2025-08-22 17:30:00,116921.7,116921.7,116545.0,116574.7,67.83606192
2025-08-22 17:45:00,116741.0,116756.1,116677.0,116751.0,32.83718104
2025-08-22 18:00:00,116996.0,117399.6,116996.0,117397.4,53.66631155
2025-08-22 18:15:00,117397.4,117397.4,116832.3,116874.7,72.02026471
2025-08-22 18:30:00,116874.8,116980.5,116874.8,116980.5,3.09037942
2025-08-22 18:45:00,116901.8,116901.8,116764.8,116795.1,31.569616
2025-08-22 19:00:00,116793.2,116898.9,116744.1,116876.0,22.65839083
2025-08-22 19:15:00,116876.6,116886.9,116823.0,116842.2,5.27975829
2025-08-22 19:30:00,116745.0,116774.9,116625.7,116656.2,49.07129051
2025-08-22 19:45:00,116683.3,116726.0,116633.8,116655.0,11.78966497
2025-08-22 20:00:00,116645.9,116847.2,116573.0,116837.2,26.7156616
2025-08-22 20:15:00,116837.2,116954.0,116837.2,116954.0,18.30508437
2025-08-22 20:30:00,117096.3,117096.3,116898.7,116900.5,43.14262438
2025-08-22 20:45:00,117030.9,117049.0,116879.5,116879.7,34.41751013
2025-08-22 21:00:00,117036.7,117050.2,116866.2,116881.6,54.53243461
2025-08-22 21:15:00,116881.5,116903.5,116825.5,116903.5,11.04981339
2025-08-22 21:30:00,116973.6,117001.0,116900.5,116983.0,20.94301163
2025-08-22 21:45:00,117016.0,117157.0,116985.0,116985.0,26.52774899
2025-08-22 22:00:00,117009.3,117033.0,116747.5,116767.7,23.51970997
2025-08-22 22:15:00,116767.8,116834.7,116719.2,116719.2,8.45920527
2025-08-22 22:30:00,116617.8,116728.9,116558.8,116575.6,13.75088804
2025-08-22 22:45:00,116650.2,116766.5,116650.2,116718.0,9.85850209
2025-08-22 23:00:00,116746.1,116815.2,116678.1,116678.1,13.86057492
2025-08-22 23:15:00,116678.2,116733.1,116678.1,116700.0,1.84967895
2025-08-22 23:30:00,116732.4,116815.0,116732.4,116811.5,4.67116561
2025-08-22 23:45:00,116879.4,116918.8,116854.8,116890.5,8.82990248
2025-08-23 00:00:00,116921.6,116957.7,116731.7,116731.7,28.01860837
2025-08-23 00:15:00,116731.6,116969.4,116731.0,116923.2,49.12791014
2025-08-23 00:30:00,116923.1,117014.4,116837.6,116837.7,21.03148051
2025-08-23 00:45:00,116837.6,116949.9,116837.6,116868.4,33.64558892
2025-08-23 01:00:00,116868.4,116868.4,116773.1,116818.4,23.40927363
2025-08-23 01:15:00,116818.4,116818.4,116578.6,116578.6,82.36162125
2025-08-23 01:30:00,116578.5,116636.8,116293.9,116311.0,63.79883567
2025-08-23 01:45:00,116303.1,116471.7,116303.1,116447.0,17.937021
2025-08-23 02:00:00,116447.0,116520.5,116182.5,116220.9,36.88257151
2025-08-23 02:15:00,116220.0,116254.7,115863.6,115863.6,25.8499228
2025-08-23 02:30:00,115863.3,115980.8,115479.6,115861.0,99.8953883
2025-08-23 02:45:00,115861.0,116132.0,115777.9,116086.0,34.88390199
2025-08-23 03:00:00,115916.0,116025.3,115705.1,116013.1,39.51409201
2025-08-23 03:15:00,116013.1,116013.1,115639.2,115727.0,46.24791701
2025-08-23 03:30:00,115727.1,115727.1,115611.9,115631.8,10.06917347
2025-08-23 03:45:00,115473.6,115617.0,115463.0,115578.4,17.50672415
2025-08-23 04:00:00,115571.0,115771.4,115558.9,115771.4,22.95475035
2025-08-23 04:15:00,115769.4,115772.4,115659.2,115725.7,18.31841596
2025-08-23 04:30:00,115720.9,115967.0,115720.9,115848.0,51.16665872
2025-08-23 04:45:00,115877.1,115989.6,115791.0,115919.2,61.41592239
2025-08-23 05:00:00,115927.9,115963.7,115818.0,115889.2,32.25327451
2025-08-23 05:15:00,115889.2,115941.2,115880.4,115938.0,11.05556686
2025-08-23 05:30:00,115947.9,116028.4,115947.9,115958.9,16.58871553
2025-08-23 05:45:00,115992.0,116030.0,115920.1,115989.4,30.6071602
2025-08-23 06:00:00,115964.4,116015.0,115856.9,115857.0,14.51686205
2025-08-23 06:15:00,115856.9,115868.5,115769.3,115769.3,18.35426375
2025-08-23 06:30:00,115769.4,115813.5,115769.4,115813.5,8.71750793
2025-08-23 06:45:00,115769.4,115822.5,115769.4,115773.8,15.32425414
2025-08-23 07:00:00,115783.9,115877.9,115689.7,115872.3,28.19273535
2025-08-23 07:15:00,115872.3,115882.4,115852.0,115852.1,6.66004314
2025-08-23 07:30:00,115730.1,115844.0,115676.7,115843.9,26.41669768
2025-08-23 07:45:00,115898.5,115898.5,115771.2,115815.6,17.37585184
2025-08-23 08:00:00,115794.0,115861.3,115794.0,115830.2,20.16866176
2025-08-23 08:15:00,115830.2,115852.3,115643.2,115660.5,15.53105405
2025-08-23 08:30:00,115660.9,115809.5,115611.5,115809.5,43.59835295
2025-08-23 08:45:00,115809.4,115822.8,115809.4,115822.8,0.45663872
2025-08-23 09:00:00,115748.5,115775.0,115646.0,115648.7,23.71011994
2025-08-23 09:15:00,115648.8,115648.8,115609.1,115609.1,9.82041215
2025-08-23 09:30:00,115609.1,115684.7,115609.1,115675.0,21.4126539
2025-08-23 09:45:00,115676.5,115692.7,115633.0,115692.6,9.64831054
2025-08-23 10:00:00,115751.4,115764.7,115650.5,115662.1,26.18593529
2025-08-23 10:15:00,115662.1,115662.1,115613.6,115618.9,3.85813897
2025-08-23 10:30:00,115609.6,115619.9,115601.9,115619.8,5.22864684
2025-08-23 10:45:00,115620.0,115620.0,115599.5,115599.5,4.65142653
2025-08-23 11:00:00,115583.1,115583.5,115525.0,115557.1,29.89966661
2025-08-23 11:15:00,115557.1,115588.5,115557.0,115588.4,3.53299878
2025-08-23 11:30:00,115524.5,115557.0,115500.0,115500.1,7.03585333
2025-08-23 11:45:00,115454.2,115472.7,115451.9,115452.0,5.92475306
2025-08-23 12:00:00,115285.7,115436.5,115200.4,115414.5,24.61901089
2025-08-23 12:15:00,115414.4,115465.3,115340.4,115340.4,17.05939309
2025-08-23 12:30:00,115340.4,115456.1,115332.1,115456.0,29.03219482
2025-08-23 12:45:00,115402.0,115413.6,115189.2,115218.3,26.41648042
2025-08-23 13:00:00,115218.4,115218.4,115158.4,115180.1,8.85036063
2025-08-23 13:15:00,115180.2,115180.2,115001.0,115014.3,12.13873839
2025-08-23 13:30:00,115015.3,115019.0,114816.0,114818.2,22.19169416
2025-08-23 13:45:00,114945.2,115097.0,114905.4,114978.5,15.01043049
2025-08-23 14:00:00,114863.8,114931.8,114819.3,114925.0,24.22862075
2025-08-23 14:15:00,114924.7,114961.6,114864.7,114961.6,5.18204024
2025-08-23 14:30:00,115021.5,115073.8,114810.1,114810.1,18.31115516
2025-08-23 14:45:00,114739.6,114805.5,114655.9,114769.5,17.55759741
2025-08-23 15:00:00,114629.7,114725.2,114569.6,114715.2,25.59750437
2025-08-23 15:15:00,114715.2,114804.0,114715.1,114803.9,6.15982555
2025-08-23 15:30:00,114900.7,114939.0,114842.6,114938.9,12.62941294
2025-08-23 15:45:00,114899.1,114924.5,114842.2,114864.6,12.11366042
2025-08-23 16:00:00,114820.0,114824.9,114691.3,114714.0,23.74383639
2025-08-23 16:15:00,114714.1,114922.9,114714.1,114921.8,30.11733258
2025-08-23 16:30:00,114873.0,114873.0,114781.0,114781.1,28.31389034
2025-08-23 16:45:00,114788.8,115021.0,114788.8,115020.9,28.53206556
2025-08-23 17:00:00,115008.1,115111.5,115003.3,115111.4,15.65676017
2025-08-23 17:15:00,115111.5,115113.9,115055.4,115055.4,14.20802426
2025-08-23 17:30:00,114981.7,115155.9,114981.7,115126.5,25.63756269
2025-08-23 17:45:00,115097.5,115105.3,115094.0,115094.0,2.05652371
2025-08-23 18:00:00,115081.1,115165.9,115081.1,115140.6,22.4638347
2025-08-23 18:15:00,115140.6,115169.7,115065.0,115065.0,35.75325095
2025-08-23 18:30:00,115060.7,115135.6,115031.0,115135.6,14.07142748
2025-08-23 18:45:00,115135.7,115174.8,115135.7,115143.4,7.39174768
2025-08-23 19:00:00,115137.7,115153.0,115087.7,115087.8,9.12516672
2025-08-23 19:15:00,115087.8,115087.8,115057.5,115057.5,0.96233598
2025-08-23 19:30:00,115079.8,115082.2,115077.9,115077.9,1.48187826
2025-08-23 19:45:00,115080.2,115136.0,115080.2,115133.9,14.7352897
2025-08-23 20:00:00,115123.0,115147.7,115107.1,115124.2,17.90650196
2025-08-23 20:15:00,115124.3,115162.1,115124.3,115162.1,19.31734232
2025-08-23 20:30:00,115201.9,115273.3,115136.2,115136.3,18.91186333
2025-08-23 20:45:00,115147.3,115209.1,115143.2,115209.1,5.76572459
2025-08-23 21:00:00,115307.5,115307.5,115115.1,115115.1,22.35023228
2025-08-23 21:15:00,115115.0,115115.0,115095.6,115099.5,1.86709097
2025-08-23 21:30:00,115072.1,115072.2,115044.1,115044.1,2.36560807
2025-08-23 21:45:00,115059.8,115154.6,115059.8,115154.6,11.60997609
2025-08-23 22:00:00,115034.0,115258.7,115034.0,115236.3,29.88013646
2025-08-23 22:15:00,115236.3,115258.7,115236.3,115252.6,2.38876525
2025-08-23 22:30:00,115262.0,115268.1,115252.1,115252.1,5.37730957
2025-08-23 22:45:00,115250.6,115268.5,115243.3,115268.5,2.28542849
2025-08-23 23:00:00,115295.1,115308.7,115251.6,115251.6,5.07277353
2025-08-23 23:15:00,115251.6,115280.0,115251.5,115280.0,6.94465293
2025-08-23 23:30:00,115274.7,115274.7,115250.0,115250.0,1.1782408
2025-08-23 23:45:00,115275.9,115370.7,115275.9,115370.6,5.50991034
2025-08-24 00:00:00,115413.5,115413.6,115318.1,115368.0,8.90978503
2025-08-24 00:15:00,115368.0,115411.6,115346.1,115411.1,6.16743671
2025-08-24 00:30:00,115411.2,115539.1,115383.7,115486.2,24.5001891
2025-08-24 00:45:00,115486.1,115486.1,115357.5,115370.9,28.79812185
2025-08-24 01:00:00,115370.8,115425.8,115269.9,115371.6,34.74170144
2025-08-24 01:15:00,115371.9,115426.4,115201.8,115292.9,39.32942699
2025-08-24 01:30:00,115292.9,115490.0,115272.0,115490.0,20.65372816
2025-08-24 01:45:00,115490.0,115570.5,115468.5,115501.0,27.33477691
2025-08-24 02:00:00,115473.1,115662.4,115437.2,115611.0,57.6866016
2025-08-24 02:15:00,115610.9,115615.8,115475.9,115528.5,28.4491146
2025-08-24 02:30:00,115528.5,115543.8,115199.0,115219.7,31.49078144
2025-08-24 02:45:00,115219.8,115235.6,115015.6,115015.7,37.82469371
2025-08-24 03:00:00,115015.7,115159.2,114955.0,115074.7,70.46883532
2025-08-24 03:15:00,115074.0,115078.8,114960.2,115016.4,11.64878328
2025-08-24 03:30:00,114968.5,115032.2,114968.5,114981.0,13.64535104
2025-08-24 03:45:00,114981.1,115139.6,114962.5,115032.8,25.9842157
2025-08-24 04:00:00,115032.8,115073.7,115032.8,115073.7,2.38970451
2025-08-24 04:15:00,115217.3,115268.9,115182.8,115219.9,25.69434751
2025-08-24 04:30:00,115219.8,115219.9,115098.4,115110.1,14.65308377
2025-08-24 04:45:00,115113.7,115137.0,115102.5,115102.5,6.0909767
2025-08-24 05:00:00,115157.5,115193.1,115111.5,115141.1,23.0467376
2025-08-24 05:15:00,115141.2,115155.4,115107.9,115107.9,9.81980262
2025-08-24 05:30:00,115081.0,115081.0,114946.4,114997.0,21.05170794
2025-08-24 05:45:00,114963.7,114994.0,114938.8,114964.3,16.73535595
2025-08-24 06:00:00,114997.0,114999.1,114908.0,114950.2,8.62613974
2025-08-24 06:15:00,114950.1,115044.6,114865.5,115016.1,24.26930213
2025-08-24 06:30:00,115016.2,115016.2,114978.0,115003.0,1.92197902
2025-08-24 06:45:00,115000.5,115000.5,114860.2,114860.2,18.96073084
2025-08-24 07:00:00,114863.1,114951.7,114858.0,114940.1,29.09707271
2025-08-24 07:15:00,114940.1,114954.8,114874.5,114874.5,5.24675665
2025-08-24 07:30:00,115024.0,115104.1,114957.3,115036.8,37.5194164
2025-08-24 07:45:00,115003.5,115003.5,114955.5,114955.6,6.54931715
2025-08-24 08:00:00,114887.8,114958.8,114763.0,114884.1,29.08532865
2025-08-24 08:15:00,114883.9,114902.0,114774.2,114837.8,19.84838961
2025-08-24 08:30:00,114815.6,114839.8,114767.9,114767.9,11.57686827
2025-08-24 08:45:00,114768.0,114805.3,114765.8,114794.8,3.7423619
2025-08-24 09:00:00,114825.4,114865.3,114672.1,114672.2,14.12002348
2025-08-24 09:15:00,114672.2,114771.8,114672.2,114771.7,17.17945365
2025-08-24 09:30:00,114820.8,115044.6,114820.7,114968.7,19.98034264
2025-08-24 09:45:00,114998.5,114998.5,114919.0,114919.0,5.85539067
2025-08-24 10:00:00,114844.6,114894.9,114777.5,114828.8,18.99664226
2025-08-24 10:15:00,114828.7,114828.8,114752.1,114752.1,2.90541197
2025-08-24 10:30:00,114740.8,114770.3,114601.5,114768.6,34.62884381
2025-08-24 10:45:00,114846.9,114878.8,114770.0,114878.8,23.39728292
2025-08-24 11:00:00,114776.0,114869.6,114721.4,114784.3,65.46391794
2025-08-24 11:15:00,114784.3,114809.0,114770.0,114770.0,4.49740249
2025-08-24 11:30:00,114633.1,114676.1,114632.4,114672.0,8.4572544
2025-08-24 11:45:00,114655.8,114727.0,114655.7,114700.1,17.88370135
2025-08-24 12:00:00,114728.8,114813.6,114702.9,114799.0,30.56516482
2025-08-24 12:15:00,114798.8,114798.8,114681.3,114681.3,7.36154804
2025-08-24 12:30:00,114681.4,114723.5,114602.4,114612.9,14.07648477
2025-08-24 12:45:00,114650.2,114669.6,114604.5,114669.6,20.82559674
2025-08-24 13:00:00,114669.5,114674.1,114639.0,114657.1,12.30739926
2025-08-24 13:15:00,114657.0,114849.0,114656.1,114656.2,33.60560284
2025-08-24 13:30:00,114656.2,114739.6,114655.0,114670.3,14.05656097
2025-08-24 13:45:00,114645.2,114775.0,114637.6,114677.1,17.58858421
2025-08-24 14:00:00,114563.6,114563.6,114359.7,114403.8,42.15223111
2025-08-24 14:15:00,114403.4,114587.9,114387.9,114516.2,5.42602643
2025-08-24 14:30:00,114461.0,114513.7,114407.2,114501.9,18.2825054
2025-08-24 14:45:00,114443.1,114538.3,114443.1,114504.8,9.3575214
2025-08-24 15:00:00,114528.4,114853.0,114455.8,114703.9,48.57181351
2025-08-24 15:15:00,114703.9,114703.9,114593.8,114669.2,22.80604674
2025-08-24 15:30:00,114638.4,114762.0,114614.9,114615.0,23.71036141
2025-08-24 15:45:00,114647.1,114647.1,114477.0,114477.0,20.0354106
2025-08-24 16:00:00,114414.0,114519.1,114370.9,114519.1,36.43643487
2025-08-24 16:15:00,114519.0,114534.3,114376.0,114483.5,13.36933059
2025-08-24 16:30:00,114426.1,114464.0,114398.1,114398.1,22.05496655
2025-08-24 16:45:00,114398.1,114398.1,114389.0,114389.1,0.64644667
2025-08-24 17:00:00,114290.0,114524.3,114251.1,114449.0,38.19416372
2025-08-24 17:15:00,114449.0,114509.5,114385.5,114399.4,20.64424616
2025-08-24 17:30:00,114286.7,114345.6,114282.9,114321.5,10.44479793
2025-08-24 17:45:00,114535.6,114550.4,114372.1,114372.2,22.68710312
2025-08-24 18:00:00,114422.6,114733.1,114306.1,114733.0,57.883602
2025-08-24 18:15:00,114733.0,114820.0,114623.4,114664.9,71.80975603
2025-08-24 18:30:00,114664.8,114895.0,114646.1,114770.7,100.82608999
2025-08-24 18:45:00,114770.6,114786.3,114690.0,114690.1,19.09095569
2025-08-24 19:00:00,114629.6,114643.5,114555.1,114567.5,37.11631069
2025-08-24 19:15:00,114567.5,114567.5,114523.9,114524.0,3.53915937
2025-08-24 19:30:00,114701.3,114771.2,110547.1,112314.7,471.14107487
2025-08-24 19:45:00,113067.0,113067.4,112234.0,112276.2,90.43416843
2025-08-24 20:00:00,112594.3,112594.3,111654.8,112157.1,203.13927984
2025-08-24 20:15:00,112157.1,112908.9,112122.2,112892.4,111.514564
2025-08-24 20:30:00,112851.0,112873.0,112541.1,112853.8,63.87801801
2025-08-24 20:45:00,112991.0,112991.0,112548.0,112742.6,26.46789952
2025-08-24 21:00:00,112770.0,112834.0,112393.0,112634.9,70.10563222
2025-08-24 21:15:00,112634.8,112772.5,112606.2,112613.9,9.72018648
2025-08-24 21:30:00,112904.1,113411.2,112896.8,113139.7,46.34485912
2025-08-24 21:45:00,112963.1,113187.0,112963.1,113123.0,14.17286682
2025-08-24 22:00:00,112987.7,113140.2,112757.6,112926.1,42.85952997
2025-08-24 22:15:00,112926.1,112926.1,112805.6,112843.8,12.39168442
2025-08-24 22:30:00,112657.4,113350.1,112641.6,113339.1,44.13660163
2025-08-24 22:45:00,113350.0,113421.1,113227.3,113421.1,33.17284569
2025-08-24 23:00:00,113457.9,113569.7,113366.4,113448.0,58.54041532
2025-08-24 23:15:00,113447.9,113564.0,113436.2,113564.0,9.22995096
2025-08-24 23:30:00,113636.1,113688.0,113466.3,113507.0,32.25064104
2025-08-24 23:45:00,113645.0,113658.9,113471.4,113471.4,5.69224584
2025-08-25 00:00:00,113463.6,113463.8,113358.0,113406.0,118.45458887
2025-08-25 00:15:00,113406.1,113463.8,113042.1,113050.5,106.97441651
2025-08-25 00:30:00,113050.6,113065.8,112172.9,112277.8,220.45200801
2025-08-25 00:45:00,112277.9,112661.8,112191.0,112645.1,144.93328714
2025-08-25 01:00:00,112645.2,112894.2,112645.2,112814.4,136.3207574
2025-08-25 01:15:00,112816.0,113129.9,112631.1,112994.1,127.40331272
2025-08-25 01:30:00,112994.1,113049.2,112722.0,112722.0,115.44134582
2025-08-25 01:45:00,112722.1,113088.0,112722.1,113004.0,44.47065577
2025-08-25 02:00:00,113076.0,113382.2,113074.9,113382.1,104.6850671
2025-08-25 02:15:00,113382.1,113621.9,113317.1,113434.0,57.8250087
2025-08-25 02:30:00,113434.1,113517.8,113311.5,113326.4,27.44940356
2025-08-25 02:45:00,113323.0,113489.0,113311.4,113416.7,37.01991334
2025-08-25 03:00:00,113415.7,113662.0,113344.0,113407.4,63.01779203
2025-08-25 03:15:00,113407.4,113562.9,113407.4,113552.1,27.77369861
2025-08-14 18:00:00,117922.0,117923.4,117646.1,117656.4,48.22365941
2025-08-14 18:15:00,117657.7,117851.0,117110.6,117851.0,98.09036919
2025-08-14 18:30:00,117849.0,118088.4,117805.3,118043.8,52.96355372
2025-08-14 18:45:00,118043.0,118223.1,117991.0,118079.0,74.42795032
2025-08-14 19:00:00,118080.0,118177.9,118068.0,118109.4,60.47252503
2025-08-14 19:15:00,118109.4,118418.3,117993.1,118299.1,70.32761805
2025-08-14 19:30:00,118299.2,118299.2,118098.5,118200.0,50.39292095
2025-08-14 19:45:00,118199.6,118525.0,117925.0,117937.6,51.62682494
2025-08-14 20:00:00,117937.6,117992.9,117735.5,117820.1,58.04577479
2025-08-14 20:15:00,117821.0,118141.0,117784.0,118141.0,83.97946451
2025-08-14 20:30:00,118141.9,118141.9,117889.0,117939.1,54.80111984
2025-08-14 20:45:00,117939.0,117973.8,117762.8,117866.0,74.59407872
2025-08-14 21:00:00,117865.9,118197.7,117838.1,118149.7,41.69981358
2025-08-14 21:15:00,118149.7,118159.4,117615.4,117641.9,52.22924973
2025-08-14 21:30:00,117643.0,117882.0,117321.2,117567.0,80.9734191
2025-08-14 21:45:00,117567.0,117928.3,117471.0,117896.0,40.16677859
2025-08-14 22:00:00,117896.6,118061.9,117642.2,118061.9,32.82122361
2025-08-14 22:15:00,118061.9,118215.9,118001.1,118215.9,26.11885875
2025-08-14 22:30:00,118215.9,118340.0,118114.3,118188.0,30.79421343
2025-08-14 22:45:00,118181.5,118340.0,118181.4,118297.0,12.45730446
2025-08-14 23:00:00,118296.9,118401.0,118238.4,118374.9,19.83855498
2025-08-14 23:15:00,118374.9,118504.4,118374.9,118503.9,26.86561136
2025-08-14 23:30:00,118504.0,118525.4,118394.7,118439.3,25.98310542
2025-08-14 23:45:00,118439.2,118514.8,118233.3,118293.4,15.49931969
2025-08-15 00:00:00,118293.5,118472.5,118233.0,118472.5,36.83616088
2025-08-15 00:15:00,118469.0,118469.0,118204.5,118238.0,49.5076455
2025-08-15 00:30:00,118238.1,118417.9,118041.2,118377.1,73.8407706
2025-08-15 00:45:00,118377.1,118462.8,118160.8,118175.8,53.32181813
2025-08-15 01:00:00,118175.9,118204.9,118045.1,118146.0,82.84280281
2025-08-15 01:15:00,118145.1,118421.9,118048.1,118401.9,94.89989445
2025-08-15 01:30:00,118402.0,118632.9,118322.0,118624.3,113.42399622
2025-08-15 01:45:00,118624.3,118744.6,118581.2,118694.2,44.08315096
2025-08-15 02:00:00,118694.2,118798.2,118602.0,118701.9,70.86893658
2025-08-15 02:15:00,118702.0,118785.0,118638.0,118766.0,42.73615338
2025-08-15 02:30:00,118766.9,118880.7,118695.0,118824.6,73.20768566
2025-08-15 02:45:00,118824.6,118843.3,118650.0,118693.0,26.0400788
2025-08-15 03:00:00,118693.0,118900.0,118609.9,118851.1,17.74521262
2025-08-15 03:15:00,118851.1,118999.0,118793.4,118999.0,16.53503833
2025-08-15 03:30:00,118999.0,119079.0,118906.5,118962.0,39.06875877
2025-08-15 03:45:00,118962.0,118967.0,118873.2,118959.9,37.40316577
2025-08-15 04:00:00,118959.9,119106.3,118931.0,119105.5,41.47454042
2025-08-15 04:15:00,119105.5,119167.9,119049.3,119167.9,31.94892284
2025-08-15 04:30:00,119167.9,119195.9,118983.5,118983.6,23.87869562
2025-08-15 04:45:00,118983.5,118983.5,118776.5,118840.3,15.30654345
2025-08-15 05:00:00,118840.2,118959.9,118682.9,118682.9,16.92587015
2025-08-15 05:15:00,118685.3,118829.4,118638.3,118744.0,15.59833699
2025-08-15 05:30:00,118744.0,118868.9,118704.8,118704.8,20.76418199
2025-08-15 05:45:00,118704.9,119011.0,118672.1,118994.2,31.28361085
2025-08-15 06:00:00,118994.0,119170.6,118890.2,118913.0,42.95516273
2025-08-15 06:15:00,118913.0,119146.9,118872.7,119108.2,43.76984575
2025-08-15 06:30:00,119108.3,119210.3,119070.2,119210.2,28.11533218
2025-08-15 06:45:00,119210.4,119210.5,119073.4,119073.4,19.85020436
2025-08-15 07:00:00,119073.5,119103.4,118878.0,118878.1,37.08355184
2025-08-15 07:15:00,118878.1,118970.9,118807.9,118895.0,41.71456267
2025-08-15 07:30:00,118894.6,118924.0,118769.5,118811.9,38.1299849
2025-08-15 07:45:00,118812.0,118956.0,118766.1,118956.0,32.14087293
2025-08-15 08:00:00,118956.0,119063.3,118942.0,118942.0,47.68762195
2025-08-15 08:15:00,118941.0,119096.3,118886.4,119080.0,49.65938429
2025-08-15 08:30:00,119079.0,119145.9,119043.0,119134.6,37.43972422
2025-08-15 08:45:00,119134.6,119134.6,118876.0,118886.7,50.0208153
2025-08-15 09:00:00,118886.7,119048.9,118872.8,118927.4,140.23327147
2025-08-15 09:15:00,118927.5,118927.5,118691.1,118712.8,10.92456783
2025-08-15 09:30:00,118712.9,118887.9,118704.0,118738.5,24.43759289
2025-08-15 09:45:00,118738.6,118818.0,118606.3,118704.6,21.29203011
2025-08-15 10:00:00,118704.7,118965.5,118704.7,118863.5,26.23467772
2025-08-15 10:15:00,118863.5,119018.8,118831.1,118979.7,22.29485968
2025-08-15 10:30:00,118979.8,119005.0,118882.3,118975.4,31.31073999
2025-08-15 10:45:00,118981.4,118998.0,118875.3,118891.0,21.58063365
2025-08-15 11:00:00,118890.9,119085.4,118890.9,119052.9,27.66413924
2025-08-15 11:15:00,119053.0,119076.0,118965.3,119004.9,40.34574017
2025-08-15 11:30:00,119004.9,119080.0,118993.9,119072.1,28.88819296
2025-08-15 11:45:00,119072.1,119088.8,119006.8,119010.2,28.76793886
2025-08-15 12:00:00,119010.3,119095.0,118955.8,119091.0,26.05315685
2025-08-15 12:15:00,119090.9,119090.9,118675.0,118675.0,72.52077053
2025-08-15 12:30:00,118674.0,119099.9,118521.4,118644.9,164.02964355
2025-08-15 12:45:00,118645.0,118770.2,118547.2,118655.0,29.1403334
2025-08-15 13:00:00,118655.0,118735.9,118349.5,118473.0,67.92649367
2025-08-15 13:15:00,118473.3,118600.9,118433.1,118472.8,89.61332768
2025-08-15 13:30:00,118472.8,118519.9,117981.8,118039.9,104.52881462
2025-08-15 13:45:00,118027.4,118104.4,117749.2,117783.3,96.19449728
2025-08-15 14:00:00,117783.2,118162.0,117648.3,118041.1,116.5492635
2025-08-15 14:15:00,118041.1,118275.9,117789.0,117909.0,64.15004692
2025-08-15 14:30:00,117909.1,118021.9,117758.0,117758.0,48.32949373
2025-08-15 14:45:00,117757.1,117787.8,117266.3,117396.6,134.93621563
2025-08-15 15:00:00,117396.6,117512.1,116950.9,117351.9,119.46474476
2025-08-15 15:15:00,117352.1,117583.4,117007.1,117065.0,106.34113083
2025-08-15 15:30:00,117065.0,117401.5,116763.4,116847.4,142.58028824
2025-08-15 15:45:00,116847.3,117387.0,116835.0,117281.2,89.85071378
2025-08-15 16:00:00,117273.0,117362.7,116806.1,117037.8,105.84698395
2025-08-15 16:15:00,117037.8,117161.0,116802.0,117044.0,52.44766627
2025-08-15 16:30:00,117043.9,117269.6,117032.1,117191.9,35.82695346
2025-08-15 16:45:00,117183.5,117402.4,117150.1,117357.4,56.41907702
2025-08-15 17:00:00,117357.4,117357.4,117114.0,117159.9,62.32146566
2025-08-15 17:15:00,117160.0,117659.1,117000.0,117548.6,121.42637941
2025-08-15 17:30:00,117548.6,117883.1,117390.8,117741.6,85.4433934
2025-08-15 17:45:00,117741.5,117756.9,117553.0,117589.6,51.35911073
2025-08-15 18:00:00,117589.6,117656.2,117301.8,117374.2,54.13732597
2025-08-15 18:15:00,117374.2,117384.0,117278.7,117318.9,17.48731864
2025-08-15 18:30:00,117318.8,117433.9,117259.7,117261.1,25.22986772
2025-08-15 18:45:00,117261.1,117384.0,117031.0,117152.5,46.80622867
2025-08-15 19:00:00,117152.5,117275.1,117011.3,117275.0,35.20974893
2025-08-15 19:15:00,117275.0,117406.0,117128.2,117130.1,44.9735177
2025-08-15 19:30:00,117130.1,117171.4,116973.1,116981.9,56.41516767
2025-08-15 19:45:00,116981.9,117040.1,116867.2,116922.4,39.85972932
2025-08-15 20:00:00,116922.9,117126.2,116870.4,117126.2,28.35748974
2025-08-15 20:15:00,117126.3,117207.8,117074.0,117201.9,23.65928235
2025-08-15 20:30:00,117201.9,117313.9,117182.7,117236.0,19.90522945
2025-08-15 20:45:00,117236.0,117318.9,117222.1,117295.4,19.75243257
2025-08-15 21:00:00,117286.9,117362.7,117089.3,117089.3,30.40566185
2025-08-15 21:15:00,117089.0,117269.6,117000.0,117257.3,33.77050156
2025-08-15 21:30:00,117257.3,117296.4,117167.8,117235.0,21.24863388
2025-08-15 21:45:00,117236.0,117305.6,117236.0,117305.5,12.02966975
2025-08-15 22:00:00,117305.5,117369.7,117304.0,117315.0,12.62407727
2025-08-15 22:15:00,117315.0,117377.9,117315.0,117371.3,6.60915687
2025-08-15 22:30:00,117371.3,117500.0,117371.2,117455.4,13.33654862
2025-08-15 22:45:00,117455.3,117750.1,117455.3,117703.7,39.15422125
2025-08-15 23:00:00,117703.7,117764.8,117325.0,117328.2,39.62170262
2025-08-15 23:15:00,117328.2,117328.2,117047.8,117173.0,25.4787098
2025-08-15 23:30:00,117174.0,117232.3,117095.0,117156.6,19.70069899
2025-08-15 23:45:00,117156.5,117336.0,117121.0,117336.0,12.05378509
2025-08-16 00:00:00,117336.0,117501.9,117224.4,117501.8,31.17151555
2025-08-16 00:15:00,117501.8,117567.7,117356.6,117479.0,19.94607059
2025-08-16 00:30:00,117478.9,117697.0,117478.9,117683.2,12.06525497
2025-08-16 00:45:00,117683.0,117780.0,117668.1,117736.3,17.86552864
2025-08-16 01:00:00,117736.4,117780.3,117630.6,117769.3,33.11365007
2025-08-16 01:15:00,117769.2,117799.0,117632.1,117714.2,24.17745863
2025-08-16 01:30:00,117714.2,117848.9,117714.2,117788.9,27.66116665
2025-08-16 01:45:00,117789.0,117894.4,117774.3,117818.1,21.63176008
2025-08-16 02:00:00,117818.1,117818.1,117617.2,117652.9,35.96324557
2025-08-16 02:15:00,117652.9,117701.8,117593.5,117631.0,36.82824439
2025-08-16 02:30:00,117630.9,117651.4,117533.3,117551.0,19.67449746
2025-08-16 02:45:00,117550.1,117611.0,117450.4,117506.3,23.00576061
2025-08-16 03:00:00,117506.3,117627.1,117423.8,117623.8,15.57065565
2025-08-16 03:15:00,117622.4,117663.2,117588.9,117653.1,10.83038127
2025-08-16 03:30:00,117652.8,117652.8,117530.9,117530.9,12.28689407
2025-08-16 03:45:00,117530.8,117588.9,117398.4,117431.5,27.79651802
2025-08-16 04:00:00,117431.5,117501.9,117422.9,117462.8,24.07618762
2025-08-16 04:15:00,117462.9,117816.2,117440.1,117816.2,39.69873414
2025-08-16 04:30:00,117816.1,117833.7,117718.1,117739.4,17.51340363
2025-08-16 04:45:00,117739.5,117888.5,117739.3,117820.6,28.38068448
2025-08-16 05:00:00,117820.7,117851.0,117738.9,117745.9,21.93926124
2025-08-16 05:15:00,117745.0,117745.0,117564.5,117599.9,22.35679835
2025-08-16 05:30:00,117599.9,117646.1,117529.3,117553.4,11.16704455
2025-08-16 05:45:00,117553.5,117620.5,117543.9,117589.1,19.47413617
2025-08-16 06:00:00,117590.0,117631.1,117440.0,117440.0,20.01495361
2025-08-16 06:15:00,117439.9,117497.0,117400.9,117458.7,16.40501459
2025-08-16 06:30:00,117458.0,117474.9,117286.9,117377.9,23.63713392
2025-08-16 06:45:00,117377.8,117456.1,117364.2,117406.0,22.04706746
2025-08-16 07:00:00,117405.3,117520.2,117358.9,117473.6,85.6907015
2025-08-16 07:15:00,117473.7,117508.1,117396.8,117508.1,27.40479012
2025-08-16 07:30:00,117508.1,117659.8,117508.1,117629.9,20.65028601
2025-08-16 07:45:00,117630.0,117670.1,117604.0,117604.0,21.82735355
2025-08-16 08:00:00,117604.1,117604.1,117521.6,117538.0,16.41255115
2025-08-16 08:15:00,117538.5,117557.2,117509.1,117530.0,16.25856991
2025-08-16 08:30:00,117530.0,117663.9,117529.0,117618.8,21.69035214
2025-08-16 08:45:00,117621.9,117665.0,117580.1,117631.8,7.94718459
2025-08-16 09:00:00,117631.9,117705.6,117549.9,117645.0,13.59393903
2025-08-16 09:15:00,117644.9,117682.0,117626.0,117663.0,9.68969312
2025-08-16 09:30:00,117663.1,117691.6,117607.1,117647.7,24.09127163
2025-08-16 09:45:00,117647.8,117657.0,117314.1,117314.1,93.2351006
2025-08-16 10:00:00,117314.2,117431.0,117232.4,117309.1,70.19069803
2025-08-16 10:15:00,117309.0,117366.9,117136.0,117337.9,71.15964125
2025-08-16 10:30:00,117337.9,117384.9,117241.0,117340.3,70.70451878
2025-08-16 10:45:00,117336.3,117396.6,117319.1,117383.1,30.29105782
2025-08-16 11:00:00,117383.1,117492.8,117383.1,117492.8,16.08460537
2025-08-16 11:15:00,117492.7,117529.9,117492.7,117499.0,12.12881229
2025-08-16 11:30:00,117498.9,117499.0,117409.9,117410.0,19.09133392
2025-08-16 11:45:00,117410.0,117452.9,117361.2,117373.2,43.97707372
2025-08-16 12:00:00,117373.3,117430.8,117358.8,117429.5,27.38834853
2025-08-16 12:15:00,117429.6,117502.8,117330.6,117502.8,43.99416694
2025-08-16 12:30:00,117502.9,117721.6,117502.9,117649.1,46.60360282
2025-08-16 12:45:00,117649.2,117733.3,117614.7,117733.3,18.85689765
2025-08-16 13:00:00,117733.3,117772.0,117641.6,117687.0,24.59303209
2025-08-16 13:15:00,117687.0,117779.2,117686.9,117746.8,18.13805117
2025-08-16 13:30:00,117746.7,117775.5,117644.8,117648.6,32.28440598
2025-08-16 13:45:00,117648.7,117724.2,117595.3,117623.8,32.08684167
2025-08-16 14:00:00,117623.8,117721.4,117574.8,117659.9,34.90537927
2025-08-16 14:15:00,117660.0,117760.6,117553.5,117756.1,31.59718357
2025-08-16 14:30:00,117756.0,117756.0,117651.8,117696.7,29.65942432
2025-08-16 14:45:00,117696.8,117768.8,117696.7,117768.8,11.28307684
2025-08-16 15:00:00,117768.8,117821.9,117663.4,117737.8,26.83476839
2025-08-16 15:15:00,117737.9,117768.7,117710.4,117768.6,14.32067403
2025-08-16 15:30:00,117768.7,117768.7,117627.5,117653.1,21.53817632
2025-08-16 15:45:00,117653.2,117722.4,117653.1,117681.6,13.2450558
2025-08-16 16:00:00,117681.6,117770.7,117681.6,117770.6,18.44940748
2025-08-16 16:15:00,117770.6,117803.2,117740.4,117799.0,17.71757132
2025-08-16 16:30:00,117799.1,117814.5,117736.8,117738.8,11.64573894
2025-08-16 16:45:00,117738.8,117776.5,117738.8,117749.9,18.04730043
2025-08-16 17:00:00,117750.0,117750.0,117667.8,117695.1,22.88613594
2025-08-16 17:15:00,117695.0,117714.8,117657.9,117714.8,11.77266097
2025-08-16 17:30:00,117714.8,117714.8,117661.9,117661.9,5.16377459
2025-08-16 17:45:00,117662.0,117708.1,117659.9,117696.1,18.67695199
2025-08-16 18:00:00,117696.2,117716.0,117668.2,117716.0,34.42790643
2025-08-16 18:15:00,117716.0,117739.9,117676.3,117685.0,30.88145873
2025-08-16 18:30:00,117685.0,117691.7,117665.6,117665.6,6.93193803
2025-08-16 18:45:00,117665.4,117686.0,117632.8,117674.4,15.15292888
2025-08-16 19:00:00,117674.4,117674.4,117652.0,117661.5,6.27928293
2025-08-16 19:15:00,117661.6,117686.4,117661.5,117686.1,8.61965259
2025-08-16 19:30:00,117686.1,117754.8,117686.1,117754.7,20.03675583
2025-08-16 19:45:00,117754.8,117754.8,117678.2,117678.2,14.07800216
2025-08-16 20:00:00,117678.2,117678.2,117523.9,117597.3,26.47983917
2025-08-16 20:15:00,117597.3,117694.1,117597.3,117655.9,19.08926897
2025-08-16 20:30:00,117655.8,117669.9,117633.9,117669.9,9.09425051
2025-08-16 20:45:00,117669.9,117692.9,117620.0,117637.8,8.07291532
2025-08-16 21:00:00,117637.9,117637.9,117579.8,117579.8,6.38338285
2025-08-16 21:15:00,117579.8,117591.5,117572.8,117591.5,2.66167808
2025-08-16 21:30:00,117591.4,117591.5,117430.0,117471.0,9.95614626
2025-08-16 21:45:00,117471.1,117522.8,117449.6,117449.6,12.75961209
2025-08-16 22:00:00,117449.7,117449.7,117217.7,117406.6,30.38390207
2025-08-16 22:15:00,117406.6,117455.6,117406.5,117435.1,5.57356975
2025-08-16 22:30:00,117435.1,117539.3,117435.0,117507.7,11.67874522
2025-08-16 22:45:00,117507.7,117524.9,117457.3,117468.7,6.22958258
2025-08-16 23:00:00,117468.7,117468.7,117414.1,117420.3,12.19558715
2025-08-16 23:15:00,117420.3,117420.3,117300.1,117300.1,19.68098793
2025-08-16 23:30:00,117300.0,117351.0,117283.5,117346.4,15.33256386
2025-08-16 23:45:00,117346.3,117460.9,117346.3,117383.0,6.21341247
2025-08-17 00:00:00,117382.3,117382.3,117314.5,117338.8,21.40852916
2025-08-17 00:15:00,117338.8,117366.2,117288.9,117357.0,9.34215249
2025-08-17 00:30:00,117356.9,117413.3,117289.1,117321.4,15.44308437
2025-08-17 00:45:00,117321.4,117330.9,117258.8,117264.7,18.06082726
2025-08-17 01:00:00,117263.1,117274.9,117178.6,117274.8,25.23244303
2025-08-17 01:15:00,117274.8,117326.8,117203.1,117319.6,13.86575366
2025-08-17 01:30:00,117318.8,117482.9,117310.1,117383.0,13.90837267
2025-08-17 01:45:00,117382.9,117458.9,117349.9,117434.0,15.49774849
2025-08-17 02:00:00,117434.0,117491.0,117419.8,117419.8,17.39956508
2025-08-17 02:15:00,117419.4,117538.6,117394.9,117538.6,22.36664167
2025-08-17 02:30:00,117538.7,117545.9,117458.1,117540.0,15.35325354
2025-08-17 02:45:00,117540.0,117612.7,117505.2,117612.6,14.06038268
2025-08-17 03:00:00,117612.5,117622.6,117548.2,117564.0,8.04933683
2025-08-17 03:15:00,117564.0,117571.2,117519.1,117571.2,11.88760877
2025-08-17 03:30:00,117571.1,117699.0,117552.6,117699.0,25.32148254
2025-08-17 03:45:00,117698.9,117750.4,117687.4,117687.5,9.26797105
2025-08-17 04:00:00,117687.4,117737.0,117687.4,117709.4,14.65080491
2025-08-17 04:15:00,117709.4,117764.6,117709.3,117764.6,8.50872275
2025-08-17 04:30:00,117764.5,117778.7,117764.5,117778.7,3.52897835
2025-08-17 04:45:00,117778.7,118170.7,117778.6,118066.3,53.23762474
2025-08-17 05:00:00,118067.5,118226.8,118035.2,118174.3,30.64786559
2025-08-17 05:15:00,118174.3,118188.4,118101.1,118124.1,28.33069751
2025-08-17 05:30:00,118124.1,118136.0,118008.3,118035.5,36.8426381
2025-08-17 05:45:00,118035.5,118074.0,118008.0,118008.1,15.74881986
2025-08-17 06:00:00,118008.1,118106.0,118008.1,118105.9,14.69431614
2025-08-17 06:15:00,118105.9,118106.0,118053.2,118093.7,18.67624137
2025-08-17 06:30:00,118093.6,118093.6,117926.0,117967.9,21.97270029
2025-08-17 06:45:00,117967.8,117976.6,117915.2,117918.3,10.72725623
2025-08-17 07:00:00,117918.2,118005.1,117843.1,118005.1,22.97345193
2025-08-17 07:15:00,118005.1,118029.6,117967.0,117967.1,18.27424101
2025-08-17 07:30:00,117967.1,117980.0,117910.9,117979.9,8.87589649
2025-08-17 07:45:00,117979.9,118001.1,117956.9,118000.6,9.22747914
2025-08-17 08:00:00,118000.6,118023.1,117929.3,117929.4,10.73567527
2025-08-17 08:15:00,117929.4,117992.6,117929.3,117992.5,13.03344416
2025-08-17 08:30:00,117992.6,118140.1,117992.5,118120.0,20.44096947
2025-08-17 08:45:00,118119.9,118376.7,118115.0,118374.8,69.96719621
2025-08-17 09:00:00,118374.8,118413.4,118235.7,118284.6,24.84458684
2025-08-17 09:15:00,118284.6,118472.2,118262.6,118341.0,23.08099271
2025-08-17 09:30:00,118341.0,118377.0,118243.7,118306.8,32.87952717
2025-08-17 09:45:00,118306.9,118344.5,118285.6,118338.6,11.1273316
2025-08-17 10:00:00,118338.6,118338.7,118229.1,118231.9,34.98127681
2025-08-17 10:15:00,118231.9,118254.6,118194.2,118227.9,16.20413813
2025-08-17 10:30:00,118227.8,118275.6,118196.0,118275.6,13.08831995
2025-08-17 10:45:00,118276.0,118379.4,118276.0,118379.4,13.27965496
2025-08-17 11:00:00,118379.5,118381.8,118290.1,118293.6,7.10719403
2025-08-17 11:15:00,118293.6,118348.0,118271.7,118339.2,15.69258625
2025-08-17 11:30:00,118339.3,118357.2,118285.9,118318.7,9.78657236
2025-08-17 11:45:00,118318.7,118354.6,118304.6,118309.4,5.63559238
2025-08-17 12:00:00,118309.5,118354.0,118220.5,118307.9,15.43136097
2025-08-17 12:15:00,118307.9,118336.2,118258.6,118258.6,18.54289706
2025-08-17 12:30:00,118258.7,118298.6,118224.0,118230.0,12.2889795
2025-08-17 12:45:00,118230.0,118249.9,118150.3,118162.3,12.40969167
2025-08-17 13:00:00,118162.4,118176.4,118091.0,118091.0,26.8241001
2025-08-17 13:15:00,118091.1,118176.0,118088.5,118176.0,17.73969774
2025-08-17 13:30:00,118176.1,118353.6,118165.2,118346.4,15.76946304
2025-08-17 13:45:00,118346.3,118574.3,118324.3,118427.7,26.7031919
2025-08-17 14:00:00,118427.8,118465.0,118353.0,118353.1,25.85008355
2025-08-17 14:15:00,118353.0,118353.0,118170.0,118249.0,26.77826526
2025-08-17 14:30:00,118248.9,118259.0,118171.0,118259.0,19.34705494
2025-08-17 14:45:00,118259.0,118301.2,118160.6,118160.7,13.50105428
2025-08-17 15:00:00,118160.7,118249.4,118150.8,118249.2,10.96406393
2025-08-17 15:15:00,118249.2,118249.3,118156.0,118156.1,16.73252985
2025-08-17 15:30:00,118156.1,118240.3,118156.0,118240.3,24.37784148
2025-08-17 15:45:00,118241.0,118258.0,118208.0,118246.9,13.14434135
2025-08-17 16:00:00,118247.0,118310.5,118062.6,118106.2,22.10957857
2025-08-17 16:15:00,118106.2,118180.7,117967.7,118078.4,32.70432236
2025-08-17 16:30:00,118078.3,118115.0,117931.2,117964.0,24.07922967
2025-08-17 16:45:00,117964.0,117987.0,117720.1,117827.6,41.28180081
2025-08-17 17:00:00,117827.5,117870.3,117756.5,117757.0,17.36336401
2025-08-17 17:15:00,117757.0,117857.2,117645.0,117810.8,26.22537269
2025-08-17 17:30:00,117810.8,117919.0,117810.8,117888.0,25.39659315
2025-08-17 17:45:00,117888.0,117913.9,117856.0,117906.0,9.18234541
2025-08-17 18:00:00,117906.1,117932.4,117892.0,117917.6,9.1404734
2025-08-17 18:15:00,117917.6,117917.6,117735.9,117784.1,9.71780151
2025-08-17 18:30:00,117784.5,117825.3,117768.2,117819.9,4.28563768
2025-08-17 18:45:00,117820.0,117820.0,117311.0,117531.1,46.40706896
2025-08-17 19:00:00,117533.1,117726.0,117458.2,117688.1,14.88908635
2025-08-17 19:15:00,117688.2,117737.0,117654.9,117736.9,14.72646722
2025-08-17 19:30:00,117736.9,117737.0,117498.9,117513.5,34.065859
2025-08-17 19:45:00,117513.4,117611.2,117473.2,117561.2,22.88612328
2025-08-17 20:00:00,117561.3,117639.1,117504.4,117639.0,18.79513027
2025-08-17 20:15:00,117639.1,117691.8,117573.8,117627.1,18.69975319
2025-08-17 20:30:00,117627.2,117720.3,117627.2,117720.2,23.18035148
2025-08-17 20:45:00,117720.3,117728.3,117600.2,117600.2,25.71274734
2025-08-17 21:00:00,117600.3,117673.6,117600.2,117673.6,16.63817299
2025-08-17 21:15:00,117673.6,117692.1,117595.1,117629.6,15.37142609
2025-08-17 21:30:00,117629.5,117717.1,117606.0,117717.0,14.34068779
2025-08-17 21:45:00,117717.1,117755.6,117679.0,117691.0,14.01615649
2025-08-17 22:00:00,117691.0,117860.6,117688.5,117809.7,46.34137422
2025-08-17 22:15:00,117809.7,117821.7,117742.7,117759.2,38.93650464
2025-08-17 22:30:00,117759.2,117957.0,117759.2,117957.0,23.47087802
2025-08-17 22:45:00,117956.9,117984.5,117932.1,117954.5,13.36034897
2025-08-17 23:00:00,117954.6,117966.9,117745.0,117773.9,56.25459824
2025-08-17 23:15:00,117773.9,117823.6,117482.9,117552.3,51.12697708
2025-08-17 23:30:00,117552.3,117596.1,117489.9,117575.9,23.44089137
2025-08-17 23:45:00,117575.9,117575.9,117374.8,117404.3,16.58130501
2025-08-18 00:00:00,117404.3,117535.9,117345.7,117509.7,48.4363227
2025-08-18 00:15:00,117509.6,117509.6,117100.3,117150.4,74.69808106
2025-08-18 00:30:00,117150.4,117366.0,117012.9,117265.4,46.00312937
2025-08-18 00:45:00,117265.4,117333.0,117174.7,117289.3,63.24206706
2025-08-18 01:00:00,117289.4,117385.7,117267.0,117288.8,51.8947171
2025-08-18 01:15:00,117289.8,117394.6,116673.1,116675.4,132.80191672
2025-08-18 01:30:00,116675.4,116929.9,116358.3,116437.3,192.80031526
2025-08-18 01:45:00,116437.3,116474.8,116189.3,116286.1,73.61397696
2025-08-18 02:00:00,116286.0,116331.0,115918.8,115996.0,88.96521793
2025-08-18 02:15:00,115995.0,116029.0,115736.0,115787.1,95.60083784
2025-08-18 02:30:00,115787.0,116060.3,115681.0,115902.5,70.15006926
2025-08-18 02:45:00,115902.6,115920.4,115307.3,115454.3,86.30695961
2025-08-18 03:00:00,115454.2,115636.4,115444.2,115487.0,40.46153788
2025-08-18 03:15:00,115486.0,115540.9,115336.5,115358.6,38.08395713
2025-08-18 03:30:00,115358.5,115416.4,115126.9,115166.0,91.51233719
2025-08-18 03:45:00,115166.1,115388.8,115013.0,115331.2,52.17919167
2025-08-18 04:00:00,115331.1,115383.8,115086.7,115343.5,44.53403267
2025-08-18 04:15:00,115343.5,115447.8,115195.9,115439.3,26.08056638
2025-08-18 04:30:00,115439.3,115512.7,115403.3,115421.1,22.75955594
2025-08-18 04:45:00,115421.1,115535.1,115421.1,115475.3,15.61021652
2025-08-18 05:00:00,115475.3,115682.5,115475.3,115673.0,37.34994077
2025-08-18 05:15:00,115673.0,115679.7,115589.1,115589.1,20.48624731
2025-08-18 05:30:00,115589.1,115589.1,115145.9,115169.5,58.05861532
2025-08-18 05:45:00,115169.6,115689.2,115000.0,115689.2,87.91443772
2025-08-18 06:00:00,115689.2,115716.3,115435.7,115444.7,59.46767768
2025-08-18 06:15:00,115444.7,115520.5,115050.0,115192.9,98.5016496
2025-08-18 06:30:00,115192.8,115353.3,114906.0,115051.8,103.33527989
2025-08-18 06:45:00,115051.9,115270.8,114881.9,115261.7,53.98813563
2025-08-18 07:00:00,115261.7,115464.2,115228.2,115248.7,50.26190221
2025-08-18 07:15:00,115248.8,115453.1,115218.6,115351.3,47.45518597
2025-08-18 07:30:00,115351.3,115466.7,115198.1,115391.9,31.25578677
2025-08-18 07:45:00,115392.0,115423.2,115197.8,115211.1,23.56902099
2025-08-18 08:00:00,115211.1,115369.4,115102.9,115102.9,26.77027582
2025-08-18 08:15:00,115102.8,115345.2,115087.3,115345.2,34.57198829
2025-08-18 08:30:00,115345.6,115410.8,115272.2,115283.4,28.28419955
2025-08-18 08:45:00,115283.5,115297.0,115129.7,115137.7,39.77293018
2025-08-18 09:00:00,115137.8,115138.5,114898.6,114934.0,43.17960083
2025-08-18 09:15:00,114934.0,114970.8,114669.1,114694.7,64.85376827
2025-08-18 09:30:00,114694.7,115080.4,114658.9,115025.2,55.84073299
2025-08-18 09:45:00,115024.5,115136.6,114980.3,115028.1,50.94824429
2025-08-18 10:00:00,115028.1,115158.7,115005.4,115082.4,43.55820822
2025-08-18 10:15:00,115082.4,115251.9,114973.6,114978.5,50.48368548
2025-08-18 10:30:00,114979.5,115240.0,114979.4,115239.9,17.71305302
2025-08-18 10:45:00,115239.9,115250.7,115028.8,115057.7,20.19835153
2025-08-18 11:00:00,115057.7,115126.8,115007.9,115111.8,18.84532581
2025-08-18 11:15:00,115111.7,115111.7,114926.0,114979.0,16.7911737
2025-08-18 11:30:00,114979.0,115009.1,114916.1,114973.5,25.08040692
2025-08-18 11:45:00,114973.4,114993.1,114864.5,114952.0,19.6264238
2025-08-18 12:00:00,114951.9,115185.4,114906.4,115137.8,23.08857374
2025-08-18 12:15:00,115137.7,115187.8,114990.0,115125.1,41.22656639
2025-08-18 12:30:00,115125.1,115340.6,115087.9,115332.9,52.51297343
2025-08-18 12:45:00,115332.8,115519.6,115207.3,115519.6,38.53629269
2025-08-18 13:00:00,115519.5,115630.0,115431.8,115519.7,53.77038026
2025-08-18 13:15:00,115519.7,115692.0,115519.7,115645.1,35.31158883
2025-08-18 13:30:00,115645.1,115722.7,115281.1,115370.9,75.8434808
2025-08-18 13:45:00,115367.9,115482.2,114792.3,114831.5,65.3141833
2025-08-18 14:00:00,114831.5,115206.4,114831.5,115206.4,80.63030708
2025-08-18 14:15:00,115206.4,115506.5,115153.5,115372.0,84.95726685
2025-08-18 14:30:00,115371.9,115371.9,115137.0,115143.0,35.71503639
2025-08-18 14:45:00,115143.9,115635.7,114915.6,115635.7,45.72419065
2025-08-18 15:00:00,115635.6,115717.5,115456.4,115468.0,41.34803039
2025-08-18 15:15:00,115468.0,115688.6,115399.0,115627.4,47.91048384
2025-08-18 15:30:00,115627.4,115901.5,115547.4,115762.0,74.45058076
2025-08-18 15:45:00,115762.0,116169.6,115762.0,116144.4,69.94334302
2025-08-18 16:00:00,116144.5,116340.4,116086.4,116086.4,56.06080866
2025-08-18 16:15:00,116086.3,116162.0,115985.4,116031.7,38.56935294
2025-08-18 16:30:00,116031.8,116088.4,115844.3,116069.7,41.85811939
2025-08-18 16:45:00,116069.0,116239.1,115945.2,115971.1,52.21082507
2025-08-18 17:00:00,115971.1,116241.5,115971.0,116241.4,42.66007062
2025-08-18 17:15:00,116241.4,116674.6,116241.4,116506.2,64.30054399
2025-08-18 17:30:00,116506.2,116786.6,116506.2,116532.6,59.67136052
2025-08-18 17:45:00,116532.5,116609.6,116426.2,116426.2,55.3514245
2025-08-18 18:00:00,116426.2,116428.9,116305.7,116350.0,28.97686596
2025-08-18 18:15:00,116350.0,116446.1,116242.9,116359.5,30.97212382
2025-08-18 18:30:00,116359.6,116530.0,116359.5,116468.1,24.91110364
2025-08-18 18:45:00,116468.1,116569.7,116468.1,116483.5,17.50786252
2025-08-18 19:00:00,116483.5,116627.0,116262.6,116272.0,44.22602255
2025-08-18 19:15:00,116272.0,116350.6,116202.2,116349.4,34.39109568
2025-08-18 19:30:00,116349.4,116389.0,116231.8,116258.1,30.60806059
2025-08-18 19:45:00,116258.0,116388.4,116231.6,116308.1,31.01030618
2025-08-18 20:00:00,116308.1,116454.0,116235.8,116453.9,25.14057885
2025-08-18 20:15:00,116453.9,116490.1,116336.6,116490.1,21.52781106
2025-08-18 20:30:00,116490.0,116519.9,115990.8,116082.7,38.08456131
2025-08-18 20:45:00,116085.0,116403.3,116079.9,116403.3,36.71371738
2025-08-18 21:00:00,116403.4,116570.8,116403.4,116570.7,44.32520692
2025-08-18 21:15:00,116570.8,116669.7,116537.3,116647.7,14.12763558
2025-08-18 21:30:00,116647.6,116649.8,116448.7,116463.3,16.71426614
2025-08-18 21:45:00,116463.3,116650.7,116463.3,116647.9,10.38826235
2025-08-18 22:00:00,116648.0,116969.2,116648.0,116884.0,41.51151803
2025-08-18 22:15:00,116884.0,116970.7,116883.3,116929.9,20.44181692
2025-08-18 22:30:00,116929.9,116936.2,116743.9,116743.9,31.69012677
2025-08-18 22:45:00,116743.8,116743.9,116397.0,116397.1,37.97694018
2025-08-18 23:00:00,116397.1,116551.9,116397.1,116418.0,18.73884522
2025-08-18 23:15:00,116417.9,116426.1,116292.0,116292.1,41.08666893
2025-08-18 23:30:00,116292.0,116338.6,116214.9,116214.9,12.36261412
2025-08-18 23:45:00,116214.9,116259.8,116103.6,116228.4,24.0592801
2025-08-19 00:00:00,116228.5,116305.8,116168.5,116271.0,26.1671657
2025-08-19 00:15:00,116270.6,116309.6,115933.6,115936.0,63.94349903
2025-08-19 00:30:00,115936.0,116191.0,115523.2,116031.9,59.77705132
2025-08-19 00:45:00,116031.0,116551.6,116031.0,116551.6,101.92227238
2025-08-19 01:00:00,116551.8,116717.3,116426.4,116426.5,111.14986704
2025-08-19 01:15:00,116426.5,116462.0,116212.1,116212.1,46.95158923
2025-08-19 01:30:00,116212.1,116212.1,115943.1,115983.0,40.42414661
2025-08-19 01:45:00,115993.9,116020.0,115731.7,115796.9,48.77152741
2025-08-19 02:00:00,115797.0,115929.7,115717.6,115873.0,35.29404616
2025-08-19 02:15:00,115872.7,115895.9,115657.6,115837.8,38.97831146
2025-08-19 02:30:00,115836.9,115955.1,115768.1,115890.4,32.29971194
2025-08-19 02:45:00,115890.0,116040.1,115732.2,115750.8,36.1065786
2025-08-19 03:00:00,115750.8,115761.6,115451.2,115600.4,52.08537691
2025-08-19 03:15:00,115600.3,115661.4,115272.0,115368.9,31.75824565
2025-08-19 03:30:00,115368.9,115368.9,114878.7,114981.0,45.44321216
2025-08-19 03:45:00,114980.0,115018.8,114799.3,114815.9,35.26127677
2025-08-19 04:00:00,114815.9,114972.9,114365.3,114779.0,101.73036725
2025-08-19 04:15:00,114778.0,115025.2,114660.1,114895.8,48.33353468
2025-08-19 04:30:00,114895.8,115237.0,114895.7,115236.9,45.56899102
2025-08-19 04:45:00,115236.9,115362.4,115141.7,115305.3,34.67068416
2025-08-19 05:00:00,115305.2,115463.5,115129.1,115208.0,38.92412097
2025-08-19 05:15:00,115208.6,115416.9,115170.7,115381.5,30.21017139
2025-08-19 05:30:00,115381.5,115407.9,115103.6,115103.7,30.52697733
2025-08-19 05:45:00,115103.7,115103.7,114945.1,114965.7,25.35788881
2025-08-19 06:00:00,114965.8,115097.5,114922.0,115031.3,25.53257622
2025-08-19 06:15:00,115031.3,115219.3,114912.0,115128.4,30.31268169
2025-08-19 06:30:00,115128.4,115128.5,114974.0,115000.8,22.42239428
2025-08-19 06:45:00,115000.7,115091.2,114935.0,115016.0,19.96390914
2025-08-19 07:00:00,115016.1,115047.9,114840.5,114872.1,18.1143096
2025-08-19 07:15:00,114872.3,114885.6,114663.0,114714.0,32.84308086
2025-08-19 07:30:00,114713.0,114962.6,114621.4,114797.3,32.82201175
2025-08-19 07:45:00,114797.3,114991.6,114797.2,114977.2,21.37453583
2025-08-19 08:00:00,114977.3,115044.1,114806.1,115044.0,23.74674764
2025-08-19 08:15:00,115044.1,115105.2,114962.3,114980.3,18.54094347
2025-08-19 08:30:00,114980.1,115034.1,114806.9,115018.1,24.60500575
2025-08-19 08:45:00,115018.1,115294.6,114972.9,115194.6,32.50756786
2025-08-19 09:00:00,115194.6,115385.5,115189.9,115364.5,47.73667806
2025-08-19 09:15:00,115359.0,115426.4,115278.9,115426.3,33.33828826
2025-08-19 09:30:00,115426.3,115487.7,115356.6,115412.2,54.50266032
2025-08-19 09:45:00,115412.3,115437.2,115274.5,115324.0,21.32476477
2025-08-19 10:00:00,115324.0,115500.6,115320.9,115408.0,17.69925719
2025-08-19 10:15:00,115407.1,115578.0,115407.0,115517.1,21.010305
2025-08-19 10:30:00,115517.1,115534.4,115327.9,115428.0,23.96571393
2025-08-19 10:45:00,115428.0,115435.5,115343.4,115392.1,13.36371958
2025-08-19 11:00:00,115393.1,115611.8,115393.1,115582.0,23.60207231
2025-08-19 11:15:00,115582.1,115646.5,115569.6,115577.8,15.00447384
2025-08-19 11:30:00,115577.0,115581.1,115476.8,115476.8,13.57287764
2025-08-19 11:45:00,115476.9,115583.2,115476.0,115517.5,25.03578731
2025-08-19 12:00:00,115517.5,115580.8,115420.3,115580.8,42.55246201
2025-08-19 12:15:00,115580.7,115600.0,115489.7,115518.6,24.4772142
2025-08-19 12:30:00,115518.6,115547.1,115402.5,115495.5,16.78058853
2025-08-19 12:45:00,115495.5,115592.1,115286.4,115592.1,35.89548973
2025-08-19 13:00:00,115592.2,115662.6,115508.9,115521.3,47.70257688
2025-08-19 13:15:00,115521.3,115781.7,115521.2,115746.6,41.73483723
2025-08-19 13:30:00,115746.8,115875.7,115039.3,115139.4,122.14356758
2025-08-19 13:45:00,115129.6,115378.0,114895.2,115181.8,82.83317973
2025-08-19 14:00:00,115182.8,115370.1,114767.2,114793.6,72.52610219
2025-08-19 14:15:00,114794.0,114827.0,114125.3,114139.1,60.84517155
2025-08-19 14:30:00,114139.0,114500.1,113806.4,113932.7,136.74224184
2025-08-19 14:45:00,113932.7,114075.1,113777.0,113893.0,132.47822754
2025-08-19 15:00:00,113893.1,114012.0,113577.1,113658.7,110.97526881
2025-08-19 15:15:00,113658.7,114177.7,113646.1,114076.1,64.08076174
2025-08-19 15:30:00,114076.1,114147.3,113902.1,114119.1,54.60535448
2025-08-19 15:45:00,114119.2,114119.2,113736.9,113769.1,84.86840607
2025-08-19 16:00:00,113769.7,113879.9,113708.0,113708.0,88.8943523
2025-08-19 16:15:00,113708.1,113828.1,113638.6,113642.9,52.71793963
2025-08-19 16:30:00,113642.9,113820.7,113432.0,113585.1,110.13316242
2025-08-19 16:45:00,113585.1,113594.3,113339.6,113391.6,51.83456176
2025-08-19 17:00:00,113388.3,113489.4,113081.3,113288.7,83.90839405
2025-08-19 17:15:00,113288.7,113475.7,113166.8,113427.1,30.8483558
2025-08-19 17:30:00,113426.0,113576.1,113414.0,113475.1,74.72247933
2025-08-19 17:45:00,113475.0,113527.6,113302.2,113524.2,66.79596086
2025-08-19 18:00:00,113524.1,113524.1,113373.1,113375.9,56.66277864
2025-08-19 18:15:00,113375.0,113466.3,113251.4,113251.4,29.03562556
2025-08-19 18:30:00,113251.4,113255.0,112959.6,113005.0,40.59744641
2025-08-19 18:45:00,113006.0,113128.7,112833.0,113070.0,112.58889055
2025-08-19 19:00:00,113070.0,113070.0,112824.6,112833.1,139.98963321
2025-08-19 19:15:00,112833.1,113433.2,112820.4,113401.0,117.23231608
2025-08-19 19:30:00,113401.1,113546.0,113327.1,113422.6,49.71875506
2025-08-19 19:45:00,113422.6,113510.9,113092.8,113133.7,80.0676896
2025-08-19 20:00:00,113133.7,113293.7,112935.3,112992.9,71.64263153
2025-08-19 20:15:00,112987.1,113321.4,112987.1,113305.9,41.37821089
2025-08-19 20:30:00,113306.0,113490.9,113306.0,113415.9,37.98902166
2025-08-19 20:45:00,113415.9,113563.8,113410.1,113563.8,32.61473461
2025-08-19 21:00:00,113563.9,113585.0,113474.0,113523.9,26.71188429
2025-08-19 21:15:00,113523.9,113561.0,113481.2,113514.3,15.7654819
2025-08-19 21:30:00,113514.3,113559.4,113466.0,113509.1,12.36207494
2025-08-19 21:45:00,113509.0,113509.1,113420.1,113420.2,12.53495895
2025-08-19 22:00:00,113420.2,113444.0,113117.1,113175.0,45.21759313
2025-08-19 22:15:00,113175.0,113322.2,113083.1,113295.5,35.78010163
2025-08-19 22:30:00,113295.5,113330.0,113075.0,113197.0,53.55529837
2025-08-19 22:45:00,113196.9,113292.1,113125.0,113174.9,24.92697954
2025-08-19 23:00:00,113174.9,113193.0,112999.1,113003.6,19.86795093
2025-08-19 23:15:00,113003.6,113076.5,112850.9,112937.7,53.61005482
2025-08-19 23:30:00,112934.9,113150.1,112825.5,112965.0,39.01495122
2025-08-19 23:45:00,112965.2,112965.2,112744.3,112880.0,36.04508037
2025-08-20 00:00:00,112879.9,113276.9,112850.1,113032.9,55.35148815
2025-08-20 00:15:00,113021.7,113188.9,112869.0,113000.2,26.08792883
2025-08-20 00:30:00,112998.0,113271.6,112960.4,113261.6,37.12541434
2025-08-20 00:45:00,113261.6,113312.2,113211.2,113220.6,57.7134494
2025-08-20 01:00:00,113220.6,113401.6,113192.1,113238.1,47.80526584
2025-08-20 01:15:00,113238.1,113354.0,112919.4,112939.5,101.19538883
2025-08-20 01:30:00,112939.5,112986.3,112580.0,112696.6,87.69036151
2025-08-20 01:45:00,112696.6,113126.9,112696.6,113006.0,103.25086003
2025-08-20 02:00:00,113006.1,113285.4,112970.2,113282.5,108.73297717
2025-08-20 02:15:00,113282.4,113325.1,113246.0,113309.2,19.74239277
2025-08-20 02:30:00,113309.1,113363.0,113301.0,113354.9,15.90834537
2025-08-20 02:45:00,113354.9,113505.1,113316.2,113442.0,19.99590324
2025-08-20 03:00:00,113442.0,113525.6,113327.6,113388.2,30.20425893
2025-08-20 03:15:00,113388.2,113610.3,113359.2,113610.3,30.48695505
2025-08-20 03:30:00,113611.0,113634.4,113454.2,113478.3,28.44344728
2025-08-20 03:45:00,113478.3,113537.0,113422.9,113530.9,74.60942721
2025-08-20 04:00:00,113531.0,113659.0,113530.9,113604.5,59.99951144
2025-08-20 04:15:00,113604.4,113656.5,113593.9,113639.2,33.25227966
2025-08-20 04:30:00,113639.3,113694.0,113475.6,113555.5,53.78120928
2025-08-20 04:45:00,113555.5,113628.9,113492.4,113628.9,40.128677
2025-08-20 05:00:00,113629.0,113633.6,113494.1,113516.1,21.5311869
2025-08-20 05:15:00,113516.2,113609.6,113474.9,113609.5,26.10985285
2025-08-20 05:30:00,113609.5,113638.5,113583.4,113628.1,21.82315293
2025-08-20 05:45:00,113628.2,113767.0,113616.7,113704.1,29.87700683
2025-08-20 06:00:00,113704.1,113729.1,113514.0,113517.0,19.83526023
2025-08-20 06:15:00,113517.0,113653.1,113506.0,113644.2,35.28476032
2025-08-20 06:30:00,113644.1,113734.2,113644.1,113683.0,30.24853669
2025-08-20 06:45:00,113683.1,113689.1,113586.0,113667.8,21.80757785
2025-08-20 07:00:00,113667.8,113746.8,113646.0,113722.5,30.44696742
2025-08-20 07:15:00,113722.5,113836.4,113722.5,113727.7,67.87144336
2025-08-20 07:30:00,113727.7,113727.8,113588.1,113614.1,30.72334195
2025-08-20 07:45:00,113614.2,113661.2,113440.7,113479.7,28.08905691
2025-08-20 08:00:00,113479.8,113601.6,113406.1,113601.5,47.88744946
2025-08-20 08:15:00,113601.5,113859.0,113601.5,113846.4,44.46024854
2025-08-20 08:30:00,113846.5,113961.8,113807.5,113961.7,43.15908606
2025-08-20 08:45:00,113961.7,114021.1,113851.0,114018.3,46.23687337
2025-08-20 09:00:00,114018.4,114018.4,113820.4,113870.9,45.3505229
2025-08-20 09:15:00,113870.9,113871.0,113775.6,113797.9,13.54004501
2025-08-20 09:30:00,113797.9,113948.9,113785.2,113880.9,43.85308056
2025-08-20 09:45:00,113881.0,113910.0,113639.1,113698.3,20.45479852
2025-08-20 10:00:00,113698.4,113808.6,113651.0,113671.1,27.76494319
2025-08-20 10:15:00,113671.0,113796.2,113595.0,113595.1,42.94060182
2025-08-20 10:30:00,113595.1,113774.9,113595.0,113774.9,33.24347112
2025-08-20 10:45:00,113774.9,113859.8,113753.4,113795.2,20.26766714
2025-08-20 11:00:00,113795.2,113851.5,113578.0,113583.8,19.03991727
2025-08-20 11:15:00,113583.8,113591.8,113455.5,113455.6,21.90128859
2025-08-20 11:30:00,113455.5,113455.5,113060.9,113174.0,43.69784306
2025-08-20 11:45:00,113174.5,113660.5,113129.8,113660.4,42.1007631
2025-08-20 12:00:00,113660.5,113944.1,113660.5,113814.0,51.75610696
2025-08-20 12:15:00,113814.9,113865.6,113524.5,113720.1,34.04914457
2025-08-20 12:30:00,113720.0,113856.9,113680.3,113845.2,39.0202565
2025-08-20 12:45:00,113845.2,113861.6,113665.9,113665.9,48.66066465
2025-08-20 13:00:00,113665.9,113665.9,113301.0,113318.7,37.64034204
2025-08-20 13:15:00,113318.7,113451.1,113261.6,113434.0,45.48234685
2025-08-20 13:30:00,113433.0,113631.6,113131.2,113131.2,90.83136752
2025-08-20 13:45:00,113131.1,113156.2,112600.3,112687.7,95.38412226
2025-08-20 14:00:00,112687.6,112992.7,112431.0,112719.2,108.1985198
2025-08-20 14:15:00,112718.2,113214.4,112380.5,113143.0,129.08899456
2025-08-20 14:30:00,113143.0,113838.1,113143.0,113502.3,169.0527732
2025-08-20 14:45:00,113502.3,113846.1,113396.3,113466.1,58.43911478
2025-08-20 15:00:00,113466.0,114029.4,113394.0,113903.4,39.83358187
2025-08-20 15:15:00,113903.3,114420.4,113890.4,114308.9,140.13846063
2025-08-20 15:30:00,114308.5,114308.5,113912.3,113912.3,108.74583609
2025-08-20 15:45:00,113912.3,113918.2,113232.9,113351.2,85.65927811
2025-08-20 16:00:00,113351.3,113640.0,113287.5,113640.0,47.94013356
2025-08-20 16:15:00,113640.1,114299.4,113640.1,114267.3,69.62701098
2025-08-20 16:30:00,114267.4,114276.6,113865.8,113964.9,52.25529934
2025-08-20 16:45:00,113964.9,114092.3,113772.9,113835.6,47.20921841
2025-08-20 17:00:00,113835.7,114132.3,113804.9,113918.2,36.84364625
2025-08-20 17:15:00,113918.1,114056.7,113792.1,113795.0,43.20872105
2025-08-20 17:30:00,113795.1,114258.0,113781.4,114258.0,51.9746984
2025-08-20 17:45:00,114257.9,114443.7,114112.9,114195.3,47.83373169
2025-08-20 18:00:00,114195.4,114264.0,113659.4,113659.4,83.59456031
2025-08-20 18:15:00,113659.5,113676.6,113301.2,113330.3,63.67340326
2025-08-20 18:30:00,113330.3,113673.0,113270.6,113617.1,65.02931031
2025-08-20 18:45:00,113617.2,113677.5,113473.5,113489.2,46.68082447
2025-08-20 19:00:00,113489.2,113958.9,113476.0,113944.3,89.76356019
2025-08-20 19:15:00,113944.3,114278.9,113897.0,114057.8,80.31453544
2025-08-20 19:30:00,114057.7,114140.1,113906.7,113978.3,59.33808654
2025-08-20 19:45:00,113978.7,114318.2,113965.1,114267.3,70.80008324
2025-08-20 20:00:00,114267.3,114267.3,114094.0,114094.0,44.01004465
2025-08-20 20:15:00,114094.1,114130.0,113999.9,114115.9,33.13334982
2025-08-20 20:30:00,114116.0,114261.8,114115.9,114228.5,43.60064295
2025-08-20 20:45:00,114228.5,114364.4,114199.0,114362.3,30.25448006
2025-08-20 21:00:00,114362.2,114454.1,114362.2,114367.2,29.52727263
2025-08-20 21:15:00,114367.2,114393.5,114002.8,114016.0,53.76117031
2025-08-20 21:30:00,114015.9,114369.0,113999.9,114356.9,32.01263283
2025-08-20 21:45:00,114355.9,114457.2,114262.8,114356.1,21.36013182
2025-08-20 22:00:00,114356.1,114456.9,114232.9,114302.0,55.81082261
2025-08-20 22:15:00,114302.0,114383.0,114212.2,114383.0,37.37981404
2025-08-20 22:30:00,114383.0,114511.2,114309.0,114511.2,55.3884942
2025-08-20 22:45:00,114511.3,114607.1,114511.3,114592.8,46.10458991
2025-08-20 23:00:00,114592.8,114593.0,114328.0,114328.0,41.35554514
2025-08-20 23:15:00,114328.1,114328.1,114224.1,114235.7,18.13578375
2025-08-20 23:30:00,114235.6,114365.2,114220.3,114335.1,20.75108505
2025-08-20 23:45:00,114335.2,114335.2,114223.0,114256.9,19.66264119
2025-08-21 00:00:00,114256.9,114258.5,114136.6,114139.0,73.91732372
2025-08-21 00:15:00,114139.0,114139.0,114017.8,114058.1,30.46365298
2025-08-21 00:30:00,114058.1,114424.2,114058.1,114422.9,77.6006116
2025-08-21 00:45:00,114421.6,114471.1,114271.5,114292.4,92.05409498
2025-08-21 01:00:00,114292.4,114316.9,114195.9,114195.9,48.46205891
2025-08-21 01:15:00,114195.7,114202.3,113956.2,114104.6,51.30371425
2025-08-21 01:30:00,114104.7,114407.9,114104.7,114340.9,50.58376465
2025-08-21 01:45:00,114340.8,114723.0,114258.4,114723.0,61.96117427
2025-08-21 02:00:00,114722.9,114803.0,114254.8,114254.8,110.51200544
2025-08-21 02:15:00,114254.9,114254.9,113904.8,114004.8,56.90124687
2025-08-21 02:30:00,114004.7,114023.0,113916.3,113984.9,29.68618606
2025-08-21 02:45:00,113985.0,114048.7,113910.0,114037.3,51.89238309
2025-08-21 03:00:00,114037.3,114523.6,114030.2,114365.0,56.47325902
2025-08-21 03:15:00,114364.9,114428.7,114221.0,114222.0,36.27681302
2025-08-21 03:30:00,114222.0,114258.2,114176.6,114196.6,22.3673072
2025-08-21 03:45:00,114196.5,114196.6,113962.9,113963.0,25.91565487
2025-08-21 04:00:00,113963.0,114004.0,113882.6,113902.4,25.72055839
2025-08-21 04:15:00,113902.4,113940.3,113883.1,113912.3,18.72680653
2025-08-21 04:30:00,113912.3,114027.8,113812.7,113855.7,41.46394205
2025-08-21 04:45:00,113855.8,113985.0,113810.7,113810.7,24.3096307
2025-08-21 05:00:00,113810.8,113836.9,113644.0,113676.1,24.64829966
2025-08-21 05:15:00,113676.1,113836.9,113676.1,113751.0,30.37086411
2025-08-21 05:30:00,113750.0,113867.2,113747.0,113864.0,19.47841303
2025-08-21 05:45:00,113864.0,114003.1,113864.0,113991.8,19.75539249
2025-08-21 06:00:00,113991.9,113991.9,113633.7,113648.8,25.15268847
2025-08-21 06:15:00,113648.9,113701.1,113627.8,113628.7,14.70662977
2025-08-21 06:30:00,113628.7,113789.6,113628.7,113759.0,23.42096284
2025-08-21 06:45:00,113759.4,113863.8,113739.9,113807.9,22.11286262
2025-08-21 07:00:00,113805.7,113876.8,113656.0,113656.0,37.78643733
2025-08-21 07:15:00,113656.0,113760.7,113583.0,113711.3,26.77192335
2025-08-21 07:30:00,113711.3,113924.1,113666.6,113876.0,44.2358432
2025-08-21 07:45:00,113876.0,113919.8,113848.9,113899.1,20.71641976
2025-08-21 08:00:00,113899.0,113985.0,113825.6,113935.7,23.90581864
2025-08-21 08:15:00,113935.6,113935.7,113682.6,113764.1,35.15413389
2025-08-21 08:30:00,113764.2,113812.1,113721.9,113777.0,18.62010777
2025-08-21 08:45:00,113776.8,113811.2,113596.2,113596.2,21.94361598
2025-08-21 09:00:00,113596.0,113603.0,113433.1,113469.6,31.20362493
2025-08-21 09:15:00,113469.3,113469.3,113313.1,113434.7,34.36116162
2025-08-21 09:30:00,113434.7,113606.0,113434.5,113606.0,24.60406676
2025-08-21 09:45:00,113606.0,113606.8,113386.2,113386.3,11.22099154
2025-08-21 10:00:00,113386.3,113451.0,113231.1,113393.0,23.31691322
2025-08-21 10:15:00,113393.1,113469.4,113273.0,113442.9,23.2922612
2025-08-21 10:30:00,113443.0,113461.2,113356.3,113430.0,19.2503942
2025-08-21 10:45:00,113430.0,113436.8,113293.9,113329.0,17.1807574
2025-08-21 11:00:00,113329.1,113521.0,113329.1,113507.9,24.48001709
2025-08-21 11:15:00,113508.0,113515.7,113438.0,113466.2,7.93708363
2025-08-21 11:30:00,113466.2,113527.7,113271.1,113380.9,28.62216851
2025-08-21 11:45:00,113380.0,113380.0,113000.0,113152.0,54.91552497
2025-08-21 12:00:00,113151.3,113209.9,113069.5,113167.3,21.29474999
2025-08-21 12:15:00,113167.2,113348.5,113039.5,113227.6,38.00016435
2025-08-21 12:30:00,113227.6,113409.7,113163.6,113163.7,61.70932038
2025-08-21 12:45:00,113163.6,113163.6,112956.1,113094.4,65.59138793
2025-08-21 13:00:00,113094.4,113254.7,113058.6,113179.9,27.84071402
2025-08-21 13:15:00,113180.0,113347.7,113134.9,113312.5,38.13486006
2025-08-21 13:30:00,113312.6,113589.0,113140.3,113537.1,123.99431797
2025-08-21 13:45:00,113537.2,113700.0,113154.6,113478.0,106.15047716
2025-08-21 14:00:00,113478.1,113869.0,113358.4,113848.2,49.23475412
2025-08-21 14:15:00,113848.1,113970.0,113621.0,113747.4,67.25367384
2025-08-21 14:30:00,113746.4,113746.4,112927.9,113185.7,54.80419219
2025-08-21 14:45:00,113185.7,113387.7,113044.5,113272.1,47.66978623
2025-08-21 15:00:00,113273.1,113378.8,112714.1,112714.1,56.28198159
2025-08-21 15:15:00,112714.0,113177.1,112606.7,113037.0,69.97764461
2025-08-21 15:30:00,113036.5,113132.1,112891.5,113024.0,63.29887996
2025-08-21 15:45:00,113024.1,113024.1,112765.0,112791.1,41.85427406
2025-08-21 16:00:00,112791.1,112912.9,112653.0,112840.8,115.33048136
2025-08-21 16:15:00,112840.8,112961.6,112633.5,112730.0,102.32150471
2025-08-21 16:30:00,112730.0,112864.6,112585.7,112607.1,92.19968633
2025-08-21 16:45:00,112607.1,112639.2,112315.7,112374.5,45.08301515
2025-08-21 17:00:00,112374.5,112438.8,112213.4,112228.9,61.40903023
2025-08-21 17:15:00,112228.9,112412.1,112217.5,112250.8,75.70791414
2025-08-21 17:30:00,112250.4,112590.0,112204.7,112431.3,70.14383421
2025-08-21 17:45:00,112432.0,112548.8,112326.2,112405.1,27.11442341
2025-08-21 18:00:00,112405.1,112457.5,112246.3,112374.9,34.64844123
2025-08-21 18:15:00,112369.8,112599.3,112308.1,112505.1,38.66498467
2025-08-21 18:30:00,112505.1,112505.1,112348.3,112354.0,24.82673063
2025-08-21 18:45:00,112354.1,112671.9,112226.8,112607.9,26.77566037
2025-08-21 19:00:00,112607.8,112719.9,112555.9,112557.3,41.08024021
2025-08-21 19:15:00,112557.9,112617.3,112165.0,112268.2,55.91505246
2025-08-21 19:30:00,112268.2,112271.1,112013.0,112110.4,46.78332495
2025-08-21 19:45:00,112110.3,112186.4,112028.3,112186.4,34.67960748
2025-08-21 20:00:00,112186.5,112332.0,112164.0,112325.9,64.01161851
2025-08-21 20:15:00,112325.1,112460.0,112306.3,112457.1,75.29108671
2025-08-21 20:30:00,112457.1,112457.1,112067.4,112355.3,71.31594556
2025-08-21 20:45:00,112355.4,112869.2,112345.0,112450.1,57.38744488
2025-08-21 21:00:00,112450.1,112590.7,112098.7,112514.8,36.99806452
2025-08-21 21:15:00,112514.8,112629.9,112319.1,112536.5,33.63550078
2025-08-21 21:30:00,112536.4,112730.1,112465.5,112500.0,21.84397934
2025-08-21 21:45:00,112499.3,112622.1,112471.3,112622.1,14.42766667
2025-08-21 22:00:00,112622.0,112640.0,112504.6,112626.3,8.71070501
2025-08-21 22:15:00,112626.2,112710.6,112586.0,112639.0,13.20164238
2025-08-21 22:30:00,112638.0,112638.0,112438.6,112438.7,11.46228408
2025-08-21 22:45:00,112438.7,112545.5,112426.0,112499.9,11.73077417
2025-08-21 23:00:00,112500.0,112500.0,112327.0,112327.0,6.54410547
2025-08-21 23:15:00,112327.0,112459.2,112275.8,112459.2,12.90901112
2025-08-21 23:30:00,112459.4,112463.9,112283.0,112283.0,8.74329941
2025-08-21 23:45:00,112282.9,112496.5,112279.8,112496.5,7.70674089
2025-08-22 00:00:00,112496.5,112737.9,112496.4,112673.2,22.59441872
2025-08-22 00:15:00,112673.2,112777.0,112635.6,112657.5,31.7042796
2025-08-22 00:30:00,112657.2,112830.1,112633.8,112683.9,49.55412978
2025-08-22 00:45:00,112683.9,112692.3,112577.0,112618.7,38.40469236
2025-08-22 01:00:00,112618.7,112661.2,112343.2,112399.2,46.11103245
2025-08-22 01:15:00,112398.5,112769.1,112394.5,112766.2,31.58454599
2025-08-22 01:30:00,112766.3,112917.9,112718.2,112917.9,37.42324879
2025-08-22 01:45:00,112917.8,112917.9,112785.2,112845.0,20.01444951
2025-08-22 02:00:00,112845.0,113176.0,112792.8,113176.0,49.16001993
2025-08-22 02:15:00,113175.9,113504.0,113035.1,113502.9,55.00770244
2025-08-22 02:30:00,113498.1,113498.1,113270.7,113286.0,37.02872931
2025-08-22 02:45:00,113286.0,113414.5,113143.5,113143.6,34.96199097
2025-08-22 03:00:00,113143.6,113433.0,113119.1,113366.9,29.04282854
2025-08-22 03:15:00,113366.0,113366.0,113199.0,113203.3,27.94843257
2025-08-22 03:30:00,113203.4,113292.0,113094.1,113101.7,58.20460725
2025-08-22 03:45:00,113101.7,113105.8,112887.9,112918.7,44.34827562
2025-08-22 04:00:00,112918.7,113144.4,112918.7,113107.0,60.70085606
2025-08-22 04:15:00,113107.0,113248.1,113042.0,113042.1,65.1013579
2025-08-22 04:30:00,113042.0,113195.6,113008.0,113093.0,21.92124372
2025-08-22 04:45:00,113092.6,113092.6,112717.2,112844.9,31.01321014
2025-08-22 05:00:00,112845.0,113031.6,112844.9,113027.6,17.28522007
2025-08-22 05:15:00,113027.6,113060.1,112877.2,112941.3,23.17197845
2025-08-22 05:30:00,112941.3,113199.1,112941.3,113115.7,27.10018479
2025-08-22 05:45:00,113115.8,113268.5,113115.8,113250.7,17.37226622
2025-08-22 06:00:00,113250.7,113302.0,113064.1,113301.8,18.45139552
2025-08-22 06:15:00,113301.9,113382.4,113190.4,113241.5,40.66547884
2025-08-22 06:30:00,113241.6,113268.7,112846.2,112909.2,27.91240635
2025-08-22 06:45:00,112909.2,113061.5,112868.1,112983.9,31.05613882
2025-08-22 07:00:00,112984.0,113179.9,112954.0,113138.0,51.11696549
2025-08-22 07:15:00,113138.1,113247.8,112950.3,113154.7,48.49427541
2025-08-22 07:30:00,113154.7,113200.0,113116.7,113200.0,20.95101791
2025-08-22 07:45:00,113199.9,113200.0,113085.1,113095.0,25.31695033
2025-08-22 08:00:00,113095.0,113250.0,113059.0,113250.0,20.97351445
2025-08-22 08:15:00,113249.9,113318.1,113107.4,113244.9,37.27942453
2025-08-22 08:30:00,113244.8,113259.7,113001.7,113089.8,41.05836976
2025-08-22 08:45:00,113089.8,113089.8,112950.7,112980.2,20.87336077
2025-08-22 09:00:00,112980.3,113002.1,112849.9,112883.9,39.97013008
2025-08-22 09:15:00,112884.0,112969.4,112854.2,112969.3,27.44932427
2025-08-22 09:30:00,112969.3,113030.9,112815.8,112888.8,32.91478046
2025-08-22 09:45:00,112888.9,113107.8,112888.8,113038.8,36.45332059
2025-08-22 10:00:00,113038.9,113048.2,112771.9,112772.0,28.89819362
2025-08-22 10:15:00,112772.0,112772.0,112650.4,112718.8,24.62409224
2025-08-22 10:30:00,112718.8,112718.9,112562.7,112586.0,10.68156126
2025-08-22 10:45:00,112585.9,112621.9,112520.0,112529.6,39.98824043
2025-08-22 11:00:00,112529.7,112614.4,112303.0,112325.4,34.75213684
2025-08-22 11:15:00,112325.4,112385.2,112267.3,112281.9,31.48272078
2025-08-22 11:30:00,112281.9,112341.9,112181.1,112258.0,21.73735213
2025-08-22 11:45:00,112258.0,112380.0,112255.0,112318.2,17.0972643
2025-08-22 12:00:00,112318.3,112351.0,112000.0,112067.2,35.68121134
2025-08-22 12:15:00,112067.3,112190.5,112000.0,112048.7,21.89423413
2025-08-22 12:30:00,112048.8,112281.3,111687.0,112281.3,91.7773094
2025-08-22 12:45:00,112281.3,112715.6,112236.4,112339.8,94.41399764
2025-08-22 13:00:00,112339.8,112522.7,112179.7,112210.1,107.29425882
2025-08-22 13:15:00,112210.1,112340.8,112060.0,112293.3,53.88287508
2025-08-22 13:30:00,112293.3,112650.4,111946.4,112476.8,90.66118551
2025-08-22 13:45:00,112477.0,112650.1,112354.0,112483.6,94.83284093
2025-08-22 14:00:00,112485.0,115208.7,112475.8,115207.9,283.37894363
2025-08-22 14:15:00,115203.2,115753.3,114614.2,115195.6,296.04469507
2025-08-22 14:30:00,115195.7,116071.8,115195.7,115784.6,216.49101616
2025-08-22 14:45:00,115784.0,116103.0,115748.4,115804.7,125.08347953
2025-08-22 15:00:00,115804.1,116724.1,115804.1,116649.7,119.4293888
2025-08-22 15:15:00,116649.6,116970.5,116613.0,116719.1,87.00375108
2025-08-22 15:30:00,116720.0,116942.9,116679.0,116940.3,65.98116105
2025-08-22 15:45:00,116940.3,117287.5,116361.9,116361.9,130.91000248
2025-08-22 16:00:00,116362.0,116777.2,116362.0,116598.5,111.67088103
2025-08-22 16:15:00,116598.4,116598.4,116147.0,116407.0,183.79733845
2025-08-22 16:30:00,116406.9,116526.2,116401.0,116451.0,71.22606799
2025-08-22 16:45:00,116451.0,116451.0,116116.0,116144.0,55.87535576
2025-08-22 17:00:00,116144.0,116729.7,116144.0,116728.0,77.89047358
2025-08-22 17:15:00,116729.0,116992.1,116729.0,116921.7,98.19676868
2025-08-22 17:30:00,116921.7,116921.7,116535.7,116741.0,84.26284936
2025-08-22 17:45:00,116741.0,116996.0,116677.0,116996.0,48.49126846
2025-08-22 18:00:00,116996.0,117399.6,116996.0,117397.4,53.66631155
2025-08-22 18:15:00,117397.4,117397.4,116832.3,116874.7,72.02026471
2025-08-22 18:30:00,116874.8,117121.7,116874.8,116901.9,61.54482315
2025-08-22 18:45:00,116901.8,116901.8,116744.1,116793.3,34.98186143
2025-08-22 19:00:00,116793.2,116898.9,116744.1,116876.0,22.65839083
2025-08-22 19:15:00,116876.6,116886.9,116745.0,116745.0,25.88649353
2025-08-22 19:30:00,116745.0,116774.9,116625.7,116680.7,71.8934185
2025-08-22 19:45:00,116683.3,116726.0,116520.1,116643.3,33.63411016
2025-08-22 20:00:00,116645.9,116847.2,116573.0,116837.2,26.7156616
2025-08-22 20:15:00,116837.2,117103.9,116837.2,117096.2,32.67788595
2025-08-22 20:30:00,117096.3,117096.3,116898.7,117031.0,53.01627569
2025-08-22 20:45:00,117030.9,117049.0,116879.5,117036.6,43.11893942
2025-08-22 21:00:00,117036.7,117050.2,116866.2,116881.6,54.53243461
2025-08-22 21:15:00,116881.5,117009.0,116825.5,116973.6,36.84143751
2025-08-22 21:30:00,116973.6,117016.0,116900.5,117016.0,27.16056487
2025-08-22 21:45:00,117016.0,117157.0,116981.5,117009.3,35.83807952
2025-08-22 22:00:00,117009.3,117033.0,116747.5,116767.7,23.51970997
2025-08-22 22:15:00,116767.8,116834.7,116562.8,116617.9,19.85484838
2025-08-22 22:30:00,116617.8,116728.9,116558.8,116650.3,14.80478869
2025-08-22 22:45:00,116650.2,116766.5,116650.2,116746.1,14.5794128
2025-08-22 23:00:00,116746.1,116815.2,116678.1,116678.1,13.86057492
2025-08-22 23:15:00,116678.2,116736.5,116678.1,116732.5,5.64736054
2025-08-22 23:30:00,116732.4,116902.7,116732.4,116879.5,12.05237106
2025-08-22 23:45:00,116879.4,116921.6,116841.6,116921.6,13.44230751
2025-08-23 00:00:00,116921.6,116957.7,116731.7,116731.7,28.01860837
2025-08-23 00:15:00,116731.6,116969.4,116731.0,116923.2,49.12791014
2025-08-23 00:30:00,116923.1,117014.4,116837.6,116837.7,21.03148051
2025-08-23 00:45:00,116837.6,116949.9,116837.6,116868.4,33.64558892
2025-08-23 01:00:00,116868.4,116868.4,116773.1,116818.4,23.40927363
2025-08-23 01:15:00,116818.4,116818.4,116578.6,116578.6,82.36162125
2025-08-23 01:30:00,116578.5,116636.8,116293.9,116303.0,64.44583473
2025-08-23 01:45:00,116303.1,116471.7,116303.1,116447.0,17.937021
2025-08-23 02:00:00,116447.0,116520.5,116182.5,116220.9,36.88257151
2025-08-23 02:15:00,116220.0,116254.7,115863.6,115863.6,25.8499228
2025-08-23 02:30:00,115863.3,115980.8,115479.6,115861.0,99.8953883
2025-08-23 02:45:00,115861.0,116132.0,115777.9,115916.0,41.58741081
2025-08-23 03:00:00,115916.0,116025.3,115705.1,116013.1,39.51409201
2025-08-23 03:15:00,116013.1,116013.1,115639.2,115727.0,46.24791701
2025-08-23 03:30:00,115727.1,115727.1,115473.7,115473.7,20.55210817
2025-08-23 03:45:00,115473.6,115633.0,115463.0,115571.0,25.4760414
2025-08-23 04:00:00,115571.0,115771.4,115558.9,115771.4,22.95475035
2025-08-23 04:15:00,115769.4,115772.4,115659.2,115720.9,21.81460628
2025-08-23 04:30:00,115720.9,115967.0,115720.9,115877.2,52.02256179
2025-08-23 04:45:00,115877.1,115989.6,115791.0,115927.9,65.18982205
2025-08-23 05:00:00,115927.9,115963.7,115818.0,115889.2,32.25327451
2025-08-23 05:15:00,115889.2,115995.6,115880.4,115947.9,29.23364201
2025-08-23 05:30:00,115947.9,116028.4,115946.1,115996.6,20.0720274
2025-08-23 05:45:00,115992.0,116030.0,115920.1,115964.4,33.98858351
2025-08-23 06:00:00,115964.4,116015.0,115856.9,115857.0,14.51686205
2025-08-23 06:15:00,115856.9,115868.5,115769.3,115769.3,18.35426375
2025-08-23 06:30:00,115769.4,115849.6,115769.3,115769.4,22.0772868
2025-08-23 06:45:00,115769.4,115822.5,115706.6,115784.0,33.99263407
2025-08-23 07:00:00,115783.9,115877.9,115689.7,115872.3,28.19273535
2025-08-23 07:15:00,115872.3,115882.4,115730.0,115730.1,14.14070142
2025-08-23 07:30:00,115730.1,115909.6,115676.7,115899.5,63.03050952
2025-08-23 07:45:00,115898.5,115898.5,115771.2,115792.0,22.32633571
2025-08-23 08:00:00,115794.0,115861.3,115794.0,115830.2,20.16866176
2025-08-23 08:15:00,115830.2,115852.3,115639.3,115666.7,21.79470695
2025-08-23 08:30:00,115660.9,115809.5,115611.5,115809.5,43.59835295
2025-08-23 08:45:00,115809.4,115847.3,115748.4,115748.5,36.59562074
2025-08-23 09:00:00,115748.5,115775.0,115646.0,115648.7,23.71011994
2025-08-23 09:15:00,115648.8,115648.8,115609.1,115609.1,10.72321134
2025-08-23 09:30:00,115609.1,115684.7,115609.1,115676.5,22.7796936
2025-08-23 09:45:00,115676.5,115751.4,115633.0,115751.4,18.85619702
2025-08-23 10:00:00,115751.4,115764.7,115650.5,115662.1,26.18593529
2025-08-23 10:15:00,115662.1,115662.1,115609.6,115609.7,10.325111
2025-08-23 10:30:00,115609.6,115620.0,115601.9,115619.9,6.67915198
2025-08-23 10:45:00,115620.0,115620.0,115583.0,115583.0,6.76957634
2025-08-23 11:00:00,115583.1,115583.5,115525.0,115557.1,29.89966661
2025-08-23 11:15:00,115557.1,115607.5,115524.5,115524.5,12.42915731
2025-08-23 11:30:00,115524.5,115557.0,115454.4,115454.4,8.98383461
2025-08-23 11:45:00,115454.2,115472.7,115222.3,115285.7,21.35640878
2025-08-23 12:00:00,115285.7,115436.5,115200.4,115414.5,24.61901089
2025-08-23 12:15:00,115414.4,115465.3,115340.4,115340.4,17.05939309
2025-08-23 12:30:00,115340.4,115458.7,115332.1,115403.0,41.34611462
2025-08-23 12:45:00,115402.0,115413.6,115189.2,115218.3,26.41648042
2025-08-23 13:00:00,115218.4,115218.4,115158.4,115180.2,8.87932071
2025-08-23 13:15:00,115180.2,115180.2,115001.0,115014.3,12.13873839
2025-08-23 13:30:00,115015.3,115019.0,114738.3,114945.2,69.28636628
2025-08-23 13:45:00,114945.2,115097.0,114834.4,114863.8,22.67633728
2025-08-23 14:00:00,114863.8,114931.8,114819.3,114925.0,24.22862075
2025-08-23 14:15:00,114924.7,115052.7,114864.7,115021.5,26.12185488
2025-08-23 14:30:00,115021.5,115073.8,114704.9,114739.6,27.59943548
2025-08-23 14:45:00,114739.6,114805.5,114629.6,114629.7,27.10681493
2025-08-23 15:00:00,114629.7,114725.2,114569.6,114715.2,25.59750437
2025-08-23 15:15:00,114715.2,114910.5,114715.1,114900.8,24.45160258
2025-08-23 15:30:00,114900.7,114940.0,114842.6,114899.0,15.84580515
2025-08-23 15:45:00,114899.1,114924.5,114819.9,114820.0,26.89745052
2025-08-23 16:00:00,114820.0,114824.9,114691.3,114714.0,23.74383639
2025-08-23 16:15:00,114714.1,114946.7,114714.1,114873.0,39.84772658
2025-08-23 16:30:00,114873.0,114873.0,114779.3,114788.8,30.13058365
2025-08-23 16:45:00,114788.8,115081.1,114788.8,115008.1,39.71736621
2025-08-23 17:00:00,115008.1,115111.5,115003.3,115111.4,15.65676017
2025-08-23 17:15:00,115111.5,115113.9,114955.1,114981.7,43.90449654
2025-08-23 17:30:00,114981.7,115155.9,114981.7,115097.5,28.7280392
2025-08-23 17:45:00,115097.5,115105.3,115080.0,115081.1,5.06534603
2025-08-23 18:00:00,115081.1,115165.9,115081.1,115140.6,22.4638347
2025-08-23 18:15:00,115140.6,115169.7,115060.7,115060.7,36.15901531
2025-08-23 18:30:00,115060.7,115135.6,115031.0,115135.6,14.07142748
2025-08-23 18:45:00,115135.7,115174.8,115127.1,115137.5,13.75171549
2025-08-23 19:00:00,115137.7,115153.0,115087.7,115087.8,9.12516672
2025-08-23 19:15:00,115087.8,115123.0,115051.2,115079.9,16.16247337
2025-08-23 19:30:00,115079.8,115085.0,115077.9,115080.2,3.97748491
2025-08-23 19:45:00,115080.2,115136.0,115080.2,115123.0,18.66846095
2025-08-23 20:00:00,115123.0,115147.7,115107.1,115124.2,17.90650196
2025-08-23 20:15:00,115124.3,115201.9,115124.3,115201.9,28.39838113
2025-08-23 20:30:00,115201.9,115273.3,115136.2,115147.2,19.54946228
2025-08-23 20:45:00,115147.3,115309.5,115143.2,115307.5,13.59875502
2025-08-23 21:00:00,115307.5,115307.5,115115.1,115115.1,22.35023228
2025-08-23 21:15:00,115115.0,115117.1,115072.2,115072.2,6.02199368
2025-08-23 21:30:00,115072.1,115072.2,115016.1,115059.9,9.02914925
2025-08-23 21:45:00,115059.8,115201.0,115034.1,115034.1,30.06072241
2025-08-23 22:00:00,115034.0,115258.7,115034.0,115236.3,29.88013646
2025-08-23 22:15:00,115236.3,115262.1,115236.3,115262.1,8.92813929
2025-08-23 22:30:00,115262.0,115268.1,115250.5,115250.6,5.4655787
2025-08-23 22:45:00,115250.6,115295.2,115243.3,115295.2,7.9348262
2025-08-23 23:00:00,115295.1,115308.7,115251.6,115251.6,5.07277353
2025-08-23 23:15:00,115251.6,115293.6,115251.5,115274.7,9.2672401
2025-08-23 23:30:00,115274.7,115276.0,115250.0,115275.9,2.72148984
2025-08-23 23:45:00,115275.9,115413.6,115275.9,115413.6,8.52040965
2025-08-24 00:00:00,115413.5,115413.6,115318.1,115368.0,8.90978503
2025-08-24 00:15:00,115368.0,115411.6,115346.1,115411.1,6.16743671
2025-08-24 00:30:00,115411.2,115539.1,115383.7,115486.2,24.5001891
2025-08-24 00:45:00,115486.1,115486.1,115357.5,115370.9,28.79812185
2025-08-24 01:00:00,115370.8,115425.8,115269.9,115371.6,34.74170144
2025-08-24 01:15:00,115371.9,115426.4,115201.8,115292.9,39.32942699
2025-08-24 01:30:00,115292.9,115490.0,115272.0,115490.0,20.65372816
2025-08-24 01:45:00,115490.0,115570.5,115468.5,115473.1,29.08139564
2025-08-24 02:00:00,115473.1,115662.4,115437.2,115611.0,57.6866016
2025-08-24 02:15:00,115610.9,115615.8,115475.9,115528.5,28.4491146
2025-08-24 02:30:00,115528.5,115543.8,115199.0,115219.7,31.49078144
2025-08-24 02:45:00,115219.8,115235.6,115015.6,115015.7,37.82469371
2025-08-24 03:00:00,115015.7,115159.2,114955.0,115074.7,70.46883532
2025-08-24 03:15:00,115074.0,115091.3,114960.2,114968.5,22.49376656
2025-08-24 03:30:00,114968.5,115032.2,114968.5,114981.0,13.64535104
2025-08-24 03:45:00,114981.1,115139.6,114962.5,115032.8,25.9842157
2025-08-24 04:00:00,115032.8,115263.9,115032.8,115217.6,36.10432026
2025-08-24 04:15:00,115217.3,115268.9,115182.8,115219.9,25.69434751
2025-08-24 04:30:00,115219.8,115219.9,115095.8,115113.7,16.61354889
2025-08-24 04:45:00,115113.7,115157.5,115102.5,115157.5,9.12449344
2025-08-24 05:00:00,115157.5,115193.1,115111.5,115141.1,23.0467376
2025-08-24 05:15:00,115141.2,115155.4,115081.0,115081.1,12.50167213
2025-08-24 05:30:00,115081.0,115081.0,114946.4,114963.7,22.38192246
2025-08-24 05:45:00,114963.7,114998.0,114938.8,114997.0,20.46760609
2025-08-24 06:00:00,114997.0,114999.1,114908.0,114950.2,8.62613974
2025-08-24 06:15:00,114950.1,115044.6,114865.5,115016.1,24.26930213
2025-08-24 06:30:00,115016.2,115027.6,114940.7,115000.6,47.4005693
2025-08-24 06:45:00,115000.5,115000.5,114848.4,114863.2,30.14647313
2025-08-24 07:00:00,114863.1,114951.7,114858.0,114940.1,29.09707271
2025-08-24 07:15:00,114940.1,115024.0,114874.5,115024.0,41.00205115
2025-08-24 07:30:00,115024.0,115104.1,114957.3,115003.5,47.52924618
2025-08-24 07:45:00,115003.5,115003.5,114887.7,114887.8,14.32652065
2025-08-24 08:00:00,114887.8,114958.8,114763.0,114884.1,29.08532865
2025-08-24 08:15:00,114883.9,114902.0,114774.2,114815.7,23.70354628
2025-08-24 08:30:00,114815.6,114839.8,114767.9,114767.9,11.57686827
2025-08-24 08:45:00,114768.0,114825.4,114765.8,114825.4,6.74560431
2025-08-24 09:00:00,114825.4,114865.3,114672.1,114672.2,14.12002348
2025-08-24 09:15:00,114672.2,114824.5,114672.2,114820.7,23.23142952
2025-08-24 09:30:00,114820.8,115044.6,114820.7,114998.5,31.27420136
2025-08-24 09:45:00,114998.5,114998.5,114844.5,114844.6,12.18347076
2025-08-24 10:00:00,114844.6,114894.9,114777.5,114828.8,18.99664226
2025-08-24 10:15:00,114828.7,114828.8,114699.0,114740.9,19.50448699
2025-08-24 10:30:00,114740.8,114847.0,114601.5,114847.0,38.00017495
2025-08-24 10:45:00,114846.9,114936.6,114770.0,114776.0,46.52500455
2025-08-24 11:00:00,114776.0,114869.6,114721.4,114784.3,65.46391794
2025-08-24 11:15:00,114784.3,114809.0,114618.3,114633.1,37.07893939
2025-08-24 11:30:00,114633.1,114676.5,114632.4,114655.7,12.73227193
2025-08-24 11:45:00,114655.8,114740.5,114655.7,114728.8,30.50094764
2025-08-24 12:00:00,114728.8,114813.6,114702.9,114799.0,30.56516482
2025-08-24 12:15:00,114798.8,114798.8,114681.3,114681.3,7.36154804
2025-08-24 12:30:00,114681.4,114723.5,114602.4,114650.3,16.9322861
2025-08-24 12:45:00,114650.2,114669.6,114604.5,114669.6,20.82559674
2025-08-24 13:00:00,114669.5,114674.1,114639.0,114657.1,12.31353168
2025-08-24 13:15:00,114657.0,114849.0,114656.1,114656.2,33.60560284
2025-08-24 13:30:00,114656.2,114739.6,114579.2,114645.5,31.70936328
2025-08-24 13:45:00,114645.2,114775.0,114563.5,114563.6,24.44307536
2025-08-24 14:00:00,114563.6,114563.6,114359.7,114403.8,42.15223111
2025-08-24 14:15:00,114403.4,114587.9,114387.9,114461.0,34.09278496
2025-08-24 14:30:00,114461.0,114513.7,114407.2,114443.0,20.17189989
2025-08-24 14:45:00,114443.1,114639.6,114443.1,114528.5,26.32011872
2025-08-24 15:00:00,114528.4,114853.0,114455.8,114703.9,48.57181351
2025-08-24 15:15:00,114703.9,114735.2,114578.9,114638.4,61.53589696
2025-08-24 15:30:00,114638.4,114762.0,114586.0,114647.0,40.3575063
2025-08-24 15:45:00,114647.1,114647.1,114414.0,114414.0,29.85055189
2025-08-24 16:00:00,114414.0,114519.1,114370.9,114519.1,36.43643487
2025-08-24 16:15:00,114519.0,114534.3,114376.0,114426.0,17.43391598
2025-08-24 16:30:00,114426.1,114464.0,114398.1,114398.1,22.05496655
2025-08-24 16:45:00,114398.1,114398.1,114261.7,114290.0,22.04085068
2025-08-24 17:00:00,114290.0,114524.3,114251.1,114449.0,38.19416372
2025-08-24 17:15:00,114449.0,114509.5,114286.6,114286.6,42.62531413
2025-08-24 17:30:00,114286.7,114568.4,114282.9,114535.5,76.9380978
2025-08-24 17:45:00,114535.6,114550.4,114317.7,114422.6,61.163267
2025-08-24 18:00:00,114422.6,114733.1,114306.1,114733.0,57.883602
2025-08-24 18:15:00,114733.0,114820.0,114623.4,114664.9,71.84665949
2025-08-24 18:30:00,114664.8,114895.0,114646.1,114770.7,100.82608999
2025-08-24 18:45:00,114770.6,114786.3,114546.8,114629.7,43.21323251
2025-08-24 19:00:00,114629.6,114643.5,114555.1,114567.5,37.11631069
2025-08-24 19:15:00,114567.5,114701.2,114509.3,114701.2,36.56797639
2025-08-24 19:30:00,114701.3,114771.2,110547.1,113067.0,559.09261313
2025-08-24 19:45:00,113067.0,113067.4,112000.0,112594.3,165.56483265
2025-08-24 20:00:00,112594.3,112594.3,111654.8,112157.1,203.13927984
2025-08-24 20:15:00,112157.1,112960.0,112122.2,112850.9,172.54706965
2025-08-24 20:30:00,112851.0,112991.1,112541.1,112991.0,70.05861122
2025-08-24 20:45:00,112991.0,112991.0,112548.0,112769.9,42.82798911
2025-08-24 21:00:00,112770.0,112834.0,112393.0,112634.9,70.10563222
2025-08-24 21:15:00,112634.8,112904.1,112604.1,112904.1,36.84075243
2025-08-24 21:30:00,112904.1,113411.2,112896.8,112963.0,57.19410252
2025-08-24 21:45:00,112963.1,113187.0,112943.0,112987.7,21.03270095
2025-08-24 22:00:00,112987.7,113140.2,112757.6,112926.1,42.85952997
2025-08-24 22:15:00,112926.1,112926.1,112619.0,112657.4,48.16294769
2025-08-24 22:30:00,112657.4,113376.2,112641.6,113350.0,51.22182143
2025-08-24 22:45:00,113350.0,113486.7,113227.3,113457.8,57.25491287
2025-08-24 23:00:00,113457.9,113569.7,113366.4,113448.0,58.54041532
2025-08-24 23:15:00,113447.9,113636.1,113436.2,113636.0,23.2921356
2025-08-24 23:30:00,113636.1,113688.0,113466.3,113644.3,39.65132232
2025-08-24 23:45:00,113645.0,113658.9,113410.9,113463.6,39.75325157
2025-08-25 00:00:00,113463.6,113463.8,113358.0,113406.0,118.45458887
2025-08-25 00:15:00,113406.1,113463.8,113042.1,113050.5,106.97441651
2025-08-25 00:30:00,113050.6,113065.8,112172.9,112277.8,220.45200801
2025-08-25 00:45:00,112277.9,112661.8,112191.0,112645.1,144.93328714
2025-08-25 01:00:00,112645.2,112894.2,112645.2,112814.4,136.3207574
2025-08-25 01:15:00,112816.0,113129.9,112631.1,112994.1,127.40331272
2025-08-25 01:30:00,112994.1,113049.2,112722.0,112722.0,115.44134582
2025-08-25 01:45:00,112722.1,113088.0,112722.1,113076.0,67.82793068
2025-08-25 02:00:00,113076.0,113382.2,113074.9,113382.1,104.6850671
2025-08-25 02:15:00,113382.1,113621.9,113317.1,113434.0,57.8250087
2025-08-25 02:30:00,113434.1,113517.8,113311.5,113326.4,27.44940356
2025-08-25 02:45:00,113323.0,113489.0,113311.4,113416.7,37.01991334
2025-08-25 03:00:00,113415.7,113662.0,113344.0,113407.4,63.01779203
2025-08-25 03:15:00,113407.4,113562.9,113328.0,113372.5,86.18030227
2025-08-25 03:30:00,113372.6,113468.8,113291.1,113349.2,81.87782718
2025-08-25 03:45:00,113349.2,113374.4,112961.2,112961.2,54.28077587
